id,first_name,last_name,email,gender,ip_address,phone,point,mathematics,physics,chemistry,biology
1,Raddie,Woodwind,rwoodwind0@samsung.com,Polygender,61.99.89.38,644-155-6417,667,52.8,65.38,40.63,91.89
2,Raimundo,McGroarty,rmcgroarty1@geocities.com,Male,230.64.44.224,569-989-3309,269,19.44,72.15,44.49,36.36
3,Jemie,,jsearston2@lycos.com,Female,26.95.81.134,,,90.05,55.06,47.66,26.98
4,Anabelle,Laurenzi,alaurenzi3@google.ru,Female,232.228.171.91,511-819-3753,594,96.72,78.54,98.28,54.63
5,Jammal,Kahen,jkahen4@angelfire.com,Male,192.225.54.177,635-802-4196,575,89.36,30.87,38.13,88.86
6,Britte,,brenhard5@issuu.com,Female,149.226.22.70,,,70.33,94.08,98.66,25.52
7,Kyle,,kleahair6@example.com,Male,225.106.232.130,,,60.85,29.2,30.72,62.76
8,Winnifred,Turmall,wturmall7@angelfire.com,Female,202.74.132.165,517-147-5579,392,12.92,36.77,87.86,62.86
9,Miller,Buckberry,mbuckberry8@linkedin.com,Male,52.253.243.28,234-717-0962,678,69.15,21.2,64.03,89.21
10,Staffard,,sadlem9@alibaba.com,Male,159.3.24.57,,,39.12,50.96,80.04,46.09
11,Diane,Hadny,dhadnya@unblog.fr,Bigender,28.246.11.241,629-923-7817,844,11.75,80.87,88.35,31.24
12,Gerti,Aronin,garoninb@hhs.gov,Female,158.32.156.44,835-889-3919,388,86.4,25.99,43.36,29.98
13,Vaclav,Brislen,vbrislenc@reuters.com,Male,92.48.107.35,868-364-4364,893,35.08,65.94,32.94,46.01
14,Miof mela,Blaycock,mblaycockd@java.com,Female,224.42.208.162,349-475-2423,169,55.27,65.76,94.78,71.22
15,Katya,Sousa,ksousae@ihg.com,Female,23.198.209.239,280-213-0602,732,33.48,84.49,87.32,97.2
16,Ninon,Lorincz,nlorinczf@jalbum.net,Female,192.158.51.156,460-957-9266,719,50.71,82.15,48.47,30.8
17,Blanca,Shallcross,bshallcrossg@so-net.ne.jp,Female,87.6.99.173,879-564-0563,409,16.49,92.66,45.48,27.52
18,Cass,Atlee,catleeh@wunderground.com,Female,71.166.25.176,908-578-8180,456,95.26,57.25,73.95,76.61
19,Worden,Ebben,webbeni@multiply.com,Male,37.4.6.206,304-994-4250,419,99.38,73.93,49.17,85.48
20,Chance,,cornilsj@columbia.edu,Male,28.27.135.44,,,55.18,27.35,36.72,68.47
21,Emeline,Britton,ebrittonk@liveinternet.ru,Female,35.193.195.24,252-622-2644,1,95.47,54.38,46.56,42.41
22,Charley,Lerhinan,clerhinanl@nature.com,Male,216.146.49.143,581-310-8553,75,87.36,87.04,88.3,74.16
23,Sheelah,Rosell,srosellm@unicef.org,Agender,118.45.96.138,206-395-4853,854,78.69,29.45,49.76,25.13
24,Dario,Knighton,dknightonn@facebook.com,Male,42.242.96.171,568-958-8512,76,62.74,22.02,82.19,88.01
25,Trixie,Ingarfield,tingarfieldo@cpanel.net,Agender,61.126.136.147,549-962-3796,788,92.72,92.76,54.31,99.56
26,Pinchas,Treat,ptreatp@plala.or.jp,Male,54.236.77.36,145-382-9570,105,58.73,65.31,59.89,86.12
27,Shannan,Gehrels,sgehrelsq@google.com.hk,Non-binary,213.177.40.166,912-946-8692,343,57.73,44.03,56.45,84.99
28,Kasper,Hadingham,khadinghamr@studiopress.com,Male,76.147.252.78,605-641-8900,152,52.93,66.63,60.02,38.61
29,Boone,Skett,bsketts@nhs.uk,Male,200.52.29.232,794-123-8422,88,84.92,90.27,83.45,55.09
30,Zelig,,znewartt@icio.us,Polygender,188.244.220.65,,,87.91,36.57,66.87,68.69
31,Guthry,Polland,gpollandu@oakley.com,Male,102.107.170.201,873-918-9422,531,54.52,55.99,82.09,63.28
32,Kath,,kmorgenv@edublogs.org,Female,75.136.23.239,,,94.23,98.85,85.87,56.95
33,Shari,Dolligon,sdolligonw@example.com,Female,247.42.16.118,367-456-7129,840,15.92,62.83,53.92,59.45
34,Edik,Blaisdale,eblaisdalex@clickbank.net,Bigender,209.190.107.91,774-651-0630,231,15.04,20.61,70.3,38.96
35,Peta,Fadian,pfadiany@ameblo.jp,Female,109.107.249.4,580-371-4733,322,29.35,93.1,66.32,58.68
36,Moyna,Snellman,msnellmanz@arizona.edu,Female,147.145.216.100,839-486-7669,438,33.73,88.06,89.71,37.54
37,Jennee,Tremmil,jtremmil10@woothemes.com,Female,161.227.242.166,707-374-3595,289,94.49,91.99,95.0,95.61
38,Beatrix,,blewis11@shareasale.com,Female,118.62.210.240,,,84.52,97.05,82.92,40.14
39,Gannon,Landa,glanda12@over-blog.com,Agender,71.53.13.1,533-851-9538,986,12.9,52.11,38.39,48.43
40,Bellanca,,bkestell13@geocities.com,Non-binary,247.249.15.212,,,95.38,43.13,49.58,54.89
41,Worth,Keeney,wkeeney14@biblegateway.com,Male,93.143.95.123,803-312-0506,653,64.71,87.67,99.47,99.38
42,Edith,Goldstein,egoldstein15@so-net.ne.jp,Female,80.107.158.96,152-578-8516,291,27.12,68.44,83.37,63.52
43,Kathi,Gravenell,kgravenell16@jalbum.net,Female,104.173.45.1,317-852-9422,883,80.47,63.63,96.3,97.94
44,Salim,Scading,sscading17@eepurl.com,Male,154.133.6.54,135-143-0539,67,23.29,38.16,83.12,85.63
45,Blane,Halleybone,bhalleybone18@illinois.edu,Male,210.76.179.19,761-473-1696,676,92.83,54.93,33.51,42.34
46,Mirabella,Duthy,mduthy19@spotify.com,Female,128.46.52.174,454-454-6396,243,82.67,43.8,57.28,32.93
47,Byram,Huckleby,bhuckleby1a@usda.gov,Male,64.211.51.251,727-377-8772,10,62.89,60.71,51.47,24.85
48,Harrison,Karolczyk,hkarolczyk1b@comsenz.com,Male,94.21.100.168,521-740-6155,208,15.78,76.48,33.47,99.61
49,Richmond,,rclyburn1c@cnet.com,Male,167.12.88.23,,,45.32,75.82,61.84,84.76
50,Ian,Varcoe,ivarcoe1d@github.io,Male,139.100.164.187,508-204-0625,214,75.27,84.01,58.95,59.81
51,Aubree,Jerrams,ajerrams1e@aboutads.info,Female,219.52.155.7,879-522-4383,589,54.62,43.77,89.17,99.69
52,Bird,Tapner,btapner1f@umich.edu,Female,215.165.239.175,743-180-0914,506,29.41,26.98,30.66,90.63
53,Phip,,pwint1g@imageshack.us,Male,130.158.255.61,,,40.57,70.38,89.06,40.93
54,Rosalynd,,rgreenhow1h@newsvine.com,Female,252.173.81.27,,,68.69,56.73,55.05,58.8
55,Guglielmo,Leverentz,gleverentz1i@pbs.org,Male,211.109.6.105,695-180-8151,786,56.62,85.69,47.54,94.39
56,Ethelyn,,evanoord1j@ebay.com,Female,129.137.172.188,,,58.46,71.8,69.46,84.47
57,Bailey,Leebeter,bleebeter1k@craigslist.org,Male,137.75.7.20,328-209-0876,101,36.59,87.46,90.68,47.47
58,Tammy,Hanster,thanster1l@google.cn,Male,104.197.129.117,407-468-1828,779,31.03,60.18,97.16,59.12
59,Giffy,Tackell,gtackell1m@chron.com,Male,109.221.183.40,770-753-6765,280,71.44,47.02,88.5,93.12
60,Beilul,Bumpass,bbumpass1n@bigcartel.com,Female,244.201.9.227,587-664-1211,698,58.07,95.91,39.1,67.98
61,Gibby,Marner,gmarner1o@squidoo.com,Male,29.204.39.45,857-853-3825,13,64.13,42.67,82.57,72.45
62,Karylin,Winkle,kwinkle1p@harvard.edu,Female,200.230.95.138,698-377-2420,736,65.82,70.01,49.45,56.85
63,Debbi,Skittrall,dskittrall1q@microsoft.com,Female,64.229.217.197,277-949-0046,866,89.32,61.76,50.72,24.31
64,Tawnya,,togles1r@indiegogo.com,Bigender,141.215.58.117,,,94.3,32.17,37.88,80.89
65,Tome,,thearst1s@ifeng.com,Male,86.188.38.133,,,46.06,38.88,92.77,86.95
66,Toby,Akast,takast1t@chicagotribune.com,Female,237.120.65.221,586-156-5900,300,45.68,38.93,38.55,79.55
67,Ferne,Ryan,fryan1u@businessinsider.com,Genderqueer,81.99.239.211,170-446-7179,177,23.45,48.45,80.54,96.13
68,Andonis,Brownsmith,abrownsmith1v@bbc.co.uk,Male,10.47.41.18,405-837-2550,717,70.94,64.77,31.9,30.37
69,Ravid,Roark,rroark1w@biblegateway.com,Male,19.36.29.171,445-614-1296,412,60.04,69.94,68.08,51.8
70,Lenee,,ljosovitz1x@ucoz.com,Female,54.233.216.229,,,68.98,39.78,85.42,68.73
71,Titos,Aylmore,taylmore1y@marriott.com,Male,237.90.97.80,760-515-9578,330,10.37,78.75,72.98,56.98
72,Dorice,Sibbering,dsibbering1z@seesaa.net,Female,42.166.120.79,265-207-8385,615,56.38,81.88,64.72,75.92
73,Gabe,Seavers,gseavers20@unicef.org,Male,200.193.112.223,933-617-1772,54,86.44,68.61,57.91,88.24
74,Far,Rumney,frumney21@businessweek.com,Male,99.174.173.122,600-796-9510,986,34.91,71.4,85.37,93.76
75,Ephrayim,Cheshir,echeshir22@nationalgeographic.com,Male,143.137.93.138,380-158-8214,991,48.96,22.75,34.71,52.09
76,Lusa,Gaddas,lgaddas23@xrea.com,Female,22.241.29.10,914-852-1563,887,19.82,25.46,59.9,64.58
77,Frasco,Redhouse,fredhouse24@nasa.gov,Male,8.57.93.233,191-553-8906,702,11.11,94.42,86.55,44.1
78,Dal,Farguhar,dfarguhar25@washingtonpost.com,Male,24.19.99.5,934-969-6443,899,33.19,69.18,67.76,88.88
79,Maddy,Rockhill,mrockhill26@vistaprint.com,Female,4.17.228.63,343-354-6116,204,49.87,53.07,55.58,76.29
80,Shaun,McQuirk,smcquirk27@google.co.uk,Male,89.30.233.214,741-780-9607,810,84.46,79.29,46.91,28.11
81,Robbie,Faireclough,rfaireclough28@fda.gov,Agender,160.78.10.203,753-523-4008,882,69.05,41.61,46.57,72.64
82,Shelba,Garrood,sgarrood29@booking.com,Female,205.6.59.190,105-715-2966,325,44.94,32.73,33.78,50.39
83,Dave,Deas,ddeas2a@google.co.jp,Male,40.144.198.205,994-149-6128,578,88.34,91.45,76.11,48.47
84,Chip,,chousecraft2b@geocities.jp,Male,142.58.60.4,,,19.21,43.26,70.31,37.85
85,Ronnie,Oylett,roylett2c@google.de,Male,126.86.12.71,544-645-1955,462,75.1,62.94,87.41,94.08
86,Margo,,mmorad2d@webmd.com,Female,132.244.34.214,,,50.97,66.89,63.86,56.02
87,Babette,Getch,bgetch2e@blogs.com,Female,212.131.139.215,794-671-1421,744,30.61,80.92,48.23,90.05
88,Marilin,Fluit,mfluit2f@list-manage.com,Female,206.97.53.13,364-589-2693,719,78.4,96.66,84.1,97.67
89,Wilie,,wlawman2g@liveinternet.ru,Female,115.11.207.35,,,76.29,20.07,47.96,49.62
90,Mirelle,Basant,mbasant2h@histats.com,Female,67.140.94.119,481-819-2023,59,31.7,37.66,88.84,29.66
91,Killie,,kborrie2i@yellowbook.com,Male,212.121.108.68,,,76.99,72.67,67.9,37.8
92,Shoshanna,Peddowe,speddowe2j@bbc.co.uk,Female,67.60.17.172,700-294-1378,437,18.27,31.9,35.42,78.32
93,Laurena,Juris,ljuris2k@msu.edu,Female,33.17.114.128,954-857-5383,108,55.94,61.67,52.18,23.93
94,Blake,Crafts,bcrafts2l@soup.io,Female,10.229.121.47,525-541-8889,517,21.85,35.92,57.94,91.65
95,Dedra,,dpresidey2m@hao123.com,Female,246.5.54.239,,,32.38,22.06,68.25,50.82
96,Hamid,Marklow,hmarklow2n@washingtonpost.com,Bigender,75.23.193.220,999-212-9298,306,87.39,58.32,85.9,59.92
97,Aline,Selbach,aselbach2o@toplist.cz,Female,43.141.231.126,511-597-7560,192,72.33,27.25,80.33,55.34
98,Edik,Sciusscietto,esciusscietto2p@clickbank.net,Male,27.9.61.221,394-937-5558,427,66.03,76.74,31.21,77.24
99,Sara,Belch,sbelch2q@wikia.com,Female,246.122.223.166,916-449-8579,731,52.24,35.29,91.66,99.76
100,Thorin,Heaselgrave,theaselgrave2r@seesaa.net,Male,86.129.136.143,606-398-5450,388,78.26,54.08,98.28,75.69
101,Fee,Batham,fbatham2s@usatoday.com,Male,20.145.125.58,250-403-8701,150,91.4,65.37,34.6,94.41
102,Dyanne,Janczewski,djanczewski2t@networkadvertising.org,Female,22.119.225.94,374-204-5880,889,70.91,50.06,79.73,85.33
103,Lindi,,lcristofor2u@wikispaces.com,Female,160.28.248.114,,,64.56,60.6,64.97,25.98
104,Sophie,Danielczyk,sdanielczyk2v@noaa.gov,Female,176.201.70.138,466-794-7788,234,19.52,46.61,30.74,30.67
105,Elsi,Schulke,eschulke2w@printfriendly.com,Female,178.154.158.65,500-444-7452,628,53.02,52.12,93.29,39.03
106,Hedi,Southwell,hsouthwell2x@sfgate.com,Female,216.136.13.71,311-854-9383,749,88.91,40.77,45.81,71.89
107,Nikolos,Sucre,nsucre2y@merriam-webster.com,Male,233.119.124.159,682-899-4501,35,80.13,53.68,46.27,56.23
108,Kippy,Pennycord,kpennycord2z@blogger.com,Male,180.114.170.97,355-462-6137,256,33.78,30.0,88.77,23.59
109,Halie,Toyer,htoyer30@intel.com,Female,83.103.146.20,496-930-2714,617,33.3,72.78,56.73,32.42
110,Tessa,Lindley,tlindley31@umich.edu,Female,233.48.106.241,554-973-3496,829,59.05,40.33,67.92,54.44
111,Beau,Burchett,bburchett32@yelp.com,Male,46.191.126.29,925-185-9692,392,20.91,50.6,68.42,94.5
112,Quillan,Alenshev,qalenshev33@ovh.net,Male,167.136.16.203,752-559-4266,89,70.01,92.99,96.75,88.1
113,Larry,Siddle,lsiddle34@mac.com,Male,87.177.21.113,281-978-2778,86,50.88,83.38,65.99,94.34
114,Kelsy,,kslimmon35@amazon.de,Female,219.85.246.196,,,89.52,88.22,36.93,42.23
115,Bethanne,,bdurden36@php.net,Female,176.210.180.235,,,96.17,52.84,48.53,80.42
116,Celka,,cenriquez37@craigslist.org,Female,160.166.50.30,,,72.47,69.17,75.34,87.34
117,Pauli,Abramowitz,pabramowitz38@canalblog.com,Female,47.115.56.80,139-227-2055,521,51.9,96.2,88.19,69.64
118,Nicolis,Clotworthy,nclotworthy39@skype.com,Male,158.154.220.59,400-153-5292,348,61.58,66.02,82.3,81.01
119,Grata,Braunroth,gbraunroth3a@123-reg.co.uk,Non-binary,104.227.77.49,847-698-7110,388,12.41,64.85,82.95,89.03
120,Jamal,,jabrahami3b@nasa.gov,Male,93.55.157.96,,,16.69,47.1,48.39,85.26
121,Josias,,jspaduzza3c@alibaba.com,Male,218.127.114.223,,,67.64,78.0,30.97,40.24
122,Cammy,,cgiacobo3d@aboutads.info,Female,188.235.177.223,,,52.8,64.06,99.54,78.86
123,Vitia,Seide,vseide3e@berkeley.edu,Female,183.42.115.50,790-194-1042,309,22.67,69.27,83.63,47.81
124,Adiana,Tonge,atonge3f@amazon.co.uk,Female,178.113.131.28,948-816-5982,995,28.47,54.72,42.46,99.71
125,Miguelita,,mchatainier3g@freewebs.com,Female,177.42.210.93,,,87.63,78.98,99.07,61.58
126,Earvin,Cubbon,ecubbon3h@va.gov,Male,94.128.55.69,449-290-2847,785,13.1,67.19,88.48,56.14
127,Amble,Moroney,amoroney3i@zimbio.com,Male,40.255.154.171,206-129-4502,71,73.57,63.07,58.75,80.39
128,Herbert,Timewell,htimewell3j@woothemes.com,Non-binary,197.204.222.146,952-833-8925,981,73.85,65.36,78.63,61.91
129,Redd,,rpache3k@qq.com,Male,172.239.241.169,,,60.08,49.38,75.76,40.17
130,Hope,Nelm,hnelm3l@zimbio.com,Female,190.99.83.119,489-987-3248,329,37.1,57.49,86.97,77.05
131,Myrna,Santoro,msantoro3m@loc.gov,Female,165.186.135.160,156-260-3763,158,61.44,65.5,38.29,54.29
132,Levon,Glassup,lglassup3n@alibaba.com,Male,211.167.27.137,370-919-9412,374,63.47,22.54,92.27,77.8
133,Salvatore,Glassford,sglassford3o@whitehouse.gov,Male,74.75.131.218,846-173-6109,401,82.5,72.32,66.2,61.12
134,Guy,Smallcombe,gsmallcombe3p@dion.ne.jp,Genderfluid,207.43.214.209,590-517-0196,679,70.01,83.04,94.47,78.58
135,Sauveur,Nare,snare3q@comcast.net,Male,178.136.10.114,160-303-0675,565,40.52,67.7,69.39,52.82
136,Tamarra,Balentyne,tbalentyne3r@surveymonkey.com,Female,0.49.101.189,402-959-2699,959,18.91,23.41,50.45,62.77
137,Hakim,Duggon,hduggon3s@paginegialle.it,Male,66.76.230.247,928-709-4408,229,12.71,42.38,83.11,83.91
138,Justina,Geeraert,jgeeraert3t@wisc.edu,Female,125.74.153.100,445-415-9478,80,17.55,63.73,31.62,78.94
139,Star,Vinsen,svinsen3u@virginia.edu,Female,207.30.201.234,648-963-5718,820,99.3,27.47,87.76,79.86
140,Porty,Pridgeon,ppridgeon3v@illinois.edu,Male,145.161.18.188,418-180-1540,180,86.6,25.51,91.11,95.12
141,Aron,Cheek,acheek3w@nydailynews.com,Male,105.101.235.135,767-498-5891,515,15.78,34.93,97.35,42.36
142,Layney,Caunter,lcaunter3x@rediff.com,Female,129.190.67.205,118-231-2969,167,47.06,26.91,88.4,87.74
143,Chick,Gavigan,cgavigan3y@google.pl,Male,29.70.146.168,395-243-1942,346,71.2,60.09,59.21,92.64
144,Caryl,De Simoni,cdesimoni3z@mail.ru,Female,73.98.11.93,240-281-0078,129,63.49,34.34,53.37,53.83
145,Violette,Cruess,vcruess40@wired.com,Female,1.14.97.63,660-573-0184,100,70.73,73.97,78.11,77.75
146,Karlee,,karlidge41@stumbleupon.com,Female,175.254.255.63,,,87.65,60.26,96.11,24.99
147,Anatol,Woodroof,awoodroof42@scientificamerican.com,Male,159.158.2.42,955-656-7531,846,69.11,95.98,40.26,31.88
148,Sheela,Boagey,sboagey43@weebly.com,Genderqueer,26.206.211.27,880-197-4654,694,56.66,67.27,76.75,89.27
149,Emilio,,ewesgate44@t.co,Male,5.48.80.75,,,92.48,47.33,38.58,41.42
150,Aeriell,Madoc-Jones,amadocjones45@myspace.com,Female,123.237.244.237,888-760-8823,853,97.74,51.84,73.0,87.98
151,Margarethe,,mmceachern46@jugem.jp,Female,245.186.245.124,,,45.75,39.78,80.7,76.86
152,Marja,Thresh,mthresh47@umich.edu,Genderqueer,159.199.132.26,942-934-2834,901,59.36,96.01,88.28,31.3
153,Johann,Chaston,jchaston48@europa.eu,Male,189.61.19.211,731-579-6653,398,57.04,83.18,30.31,98.87
154,Anthea,Hehl,ahehl49@qq.com,Female,52.77.148.10,890-876-9135,613,75.49,61.88,92.12,98.2
155,Paxton,Pullinger,ppullinger4a@over-blog.com,Male,105.54.231.158,427-820-1363,698,90.99,52.57,50.0,75.03
156,Elianore,,everdun4b@last.fm,Female,154.30.167.47,,,42.63,92.42,61.76,28.64
157,Fannie,,fellerker4c@github.com,Female,141.242.2.2,,,33.61,20.5,98.25,54.1
158,Dillie,,dgalvan4d@unblog.fr,Male,26.80.192.80,,,99.56,46.34,69.0,80.23
159,Kenn,Djokic,kdjokic4e@youtube.com,Male,19.142.102.120,548-521-5367,6,36.47,46.12,36.69,59.42
160,Sumner,,sphilippsohn4f@wordpress.com,Male,141.246.132.133,,,65.8,97.42,75.36,87.33
161,Rikki,Tregona,rtregona4g@blinklist.com,Male,240.152.132.249,909-894-6023,411,64.52,34.74,46.17,57.24
162,Mitch,,mgilhooley4h@illinois.edu,Male,77.237.184.149,,,24.75,69.62,65.83,87.62
163,Jamaal,Spurrier,jspurrier4i@fema.gov,Male,34.87.11.119,581-884-9729,951,35.11,21.75,53.23,85.27
164,Randell,Oman,roman4j@myspace.com,Male,178.88.172.114,625-643-9377,55,86.89,42.97,33.79,23.33
165,Ceciley,,ccabell4k@mozilla.org,Female,116.54.179.154,,,43.44,90.46,36.22,73.06
166,Everard,Raddish,eraddish4l@google.ca,Male,11.88.27.28,999-969-7029,298,37.99,29.66,46.68,87.57
167,Shirleen,Brand,sbrand4m@usgs.gov,Female,175.81.90.87,974-635-5609,950,66.8,22.66,74.03,62.04
168,Mort,Jerdan,mjerdan4n@hud.gov,Male,147.167.186.35,461-939-3878,267,49.02,20.04,77.61,85.29
169,Jacob,,jtennet4o@thetimes.co.uk,Male,91.124.162.231,,,37.66,59.28,80.51,29.07
170,Rosabel,,rduigan4p@admin.ch,Female,170.75.41.171,,,67.41,91.37,98.91,72.94
171,Jory,Casbon,jcasbon4q@furl.net,Male,185.0.40.93,516-533-6364,921,67.22,35.49,70.55,65.31
172,Isahella,,iferrone4r@discuz.net,Female,217.59.167.178,,,98.5,64.78,47.31,50.94
173,Britt,Ayers,bayers4s@sun.com,Male,166.54.41.216,672-366-2880,633,41.14,92.41,36.31,96.29
174,Trumann,Climson,tclimson4t@mapy.cz,Male,187.126.204.62,894-980-7099,817,78.11,69.16,69.81,94.27
175,Gisele,Antao,gantao4u@columbia.edu,Female,207.127.29.82,123-186-3980,138,28.65,57.48,60.89,30.22
176,Peg,Gillicuddy,pgillicuddy4v@dedecms.com,Female,113.45.95.2,734-837-0271,109,29.95,58.69,98.13,82.49
177,Salome,Coll,scoll4w@com.com,Female,85.89.120.73,862-371-4118,401,10.03,88.56,74.6,27.38
178,Tildie,Cram,tcram4x@wp.com,Female,5.105.246.44,572-314-6283,325,89.79,24.56,81.87,32.33
179,Vanny,,vfaircliffe4y@oakley.com,Female,93.76.201.38,,,93.64,40.08,63.17,39.07
180,Amanda,Fero,afero4z@ovh.net,Female,140.152.100.169,489-147-7263,488,52.59,30.4,82.59,44.01
181,Allard,Crowley,acrowley50@utexas.edu,Genderfluid,26.27.23.93,210-918-3430,429,57.53,59.88,58.73,83.98
182,Erick,Wittman,ewittman51@arizona.edu,Male,207.2.113.195,654-555-8162,508,93.84,45.38,81.25,51.63
183,Bradford,Nizet,bnizet52@bloglines.com,Male,16.188.212.163,676-499-5832,892,60.75,47.23,33.98,81.91
184,Constantine,,cgreeson53@biblegateway.com,Female,76.11.36.52,,,99.22,27.7,58.2,62.0
185,Rosene,Bounde,rbounde54@shinystat.com,Female,97.154.18.187,585-193-4658,262,30.11,23.22,62.27,65.63
186,Emlyn,Kingsland,ekingsland55@pinterest.com,Female,209.33.119.53,975-214-7395,169,11.47,88.64,67.52,70.81
187,Netta,Ducker,nducker56@fema.gov,Female,204.82.197.242,220-146-3818,466,73.04,51.51,51.48,55.24
188,Brigham,,bfeek57@lycos.com,Male,163.235.171.130,,,33.16,21.99,31.9,38.53
189,Hanny,Creber,hcreber58@ucoz.com,Genderqueer,54.199.113.151,681-221-8784,834,27.48,30.99,83.95,35.25
190,Tab,Barense,tbarense59@amazon.co.uk,Male,210.173.98.185,279-420-3603,390,26.23,56.03,39.06,28.85
191,Robby,Seares,rseares5a@bloglovin.com,Polygender,250.5.96.219,958-262-7956,102,83.57,35.32,88.15,76.45
192,Carlynn,Bush,cbush5b@timesonline.co.uk,Female,63.248.239.97,803-569-7766,460,56.78,78.0,85.03,63.79
193,Drusilla,,denden5c@un.org,Female,145.94.58.103,,,43.78,36.85,38.32,29.49
194,Cordey,Lathwell,clathwell5d@usatoday.com,Female,85.171.3.183,297-772-7853,966,13.87,46.27,90.05,83.36
195,Amby,Littledike,alittledike5e@blogtalkradio.com,Male,159.13.15.40,796-589-8104,446,23.57,70.02,74.9,86.58
196,Birdie,Boomes,bboomes5f@youku.com,Female,84.229.248.88,601-102-6529,267,94.83,22.15,48.85,49.95
197,Egan,De Moreno,edemoreno5g@spotify.com,Male,72.186.197.246,935-580-7781,899,86.24,92.97,86.91,79.61
198,Debor,Korb,dkorb5h@squidoo.com,Female,246.5.171.115,568-320-0513,300,55.61,83.45,92.35,55.71
199,Nicolai,Martindale,nmartindale5i@instagram.com,Male,141.94.103.136,516-738-4547,906,93.96,56.93,86.54,88.64
200,Edik,,estanlake5j@chronoengine.com,Polygender,119.171.39.159,,,51.18,65.63,46.15,28.22
201,Lauren,Ratray,lratray5k@moonfruit.com,Male,127.171.192.242,443-559-9476,526,89.02,47.95,84.25,54.65
202,Hirsch,Tissington,htissington5l@dmoz.org,Male,231.41.25.206,183-796-0672,923,24.79,75.16,46.49,94.45
203,Obadias,,ooconnell5m@bloglines.com,Male,119.50.136.50,,,85.1,52.95,71.73,95.99
204,Ardelia,Lethley,alethley5n@dion.ne.jp,Female,10.64.141.240,115-648-0932,983,10.77,70.76,91.96,92.97
205,Rockey,,rridolfo5o@timesonline.co.uk,Male,51.151.36.72,,,66.97,58.02,61.96,37.03
206,Cindi,Ancliff,cancliff5p@themeforest.net,Female,100.63.255.138,423-458-6423,150,24.33,58.1,45.64,90.39
207,Marlene,Wong,mwong5q@symantec.com,Female,11.135.19.182,400-193-6881,668,26.22,24.69,72.27,33.85
208,Heloise,Hrachovec,hhrachovec5r@shutterfly.com,Female,184.2.53.63,515-417-8687,581,51.36,80.3,75.59,48.84
209,Monty,MacClenan,mmacclenan5s@oakley.com,Male,208.21.15.2,708-541-1765,935,53.09,84.17,58.18,90.42
210,Hunter,McLenahan,hmclenahan5t@gmpg.org,Male,43.39.19.35,671-843-0983,904,88.34,82.42,58.23,35.32
211,Christen,,cmaccallum5u@chronoengine.com,Female,176.85.241.224,,,47.98,86.8,30.46,55.0
212,Trumann,,tlinzee5v@hexun.com,Male,16.171.109.8,,,68.95,69.32,98.1,65.95
213,Marlowe,MacGaughey,mmacgaughey5w@opensource.org,Male,232.27.242.246,927-681-8310,791,84.34,57.94,97.29,26.03
214,Gawen,Briers,gbriers5x@livejournal.com,Male,179.68.48.153,987-457-4464,955,25.14,58.63,58.9,32.14
215,Bar,Donnellan,bdonnellan5y@youtube.com,Male,235.175.50.166,839-480-9033,347,52.74,22.41,45.89,92.15
216,Gabi,,gtwopenny5z@163.com,Male,50.26.168.56,,,81.8,30.18,37.1,57.68
217,Carroll,Smaile,csmaile60@1688.com,Female,143.109.186.240,135-950-0806,944,19.23,76.72,86.81,78.39
218,Valencia,De la Perrelle,vdelaperrelle61@list-manage.com,Female,133.99.108.10,913-662-8397,68,36.81,55.53,70.39,50.5
219,Pauline,Aiers,paiers62@example.com,Female,14.129.0.211,471-701-2695,432,82.21,63.61,81.63,29.63
220,Amitie,Silcocks,asilcocks63@freewebs.com,Female,150.30.71.76,182-478-6703,775,56.6,65.3,43.45,23.64
221,Tatum,,tjoyson64@yellowpages.com,Female,36.124.40.34,,,96.12,34.18,76.66,66.76
222,Haven,,hcastilljo65@europa.eu,Male,25.3.209.152,,,85.75,22.8,41.97,69.96
223,Sarajane,Dunlop,sdunlop66@phoca.cz,Female,25.43.101.11,978-367-1944,465,71.62,98.08,53.88,97.86
224,Amory,Eburah,aeburah67@java.com,Male,195.149.250.196,204-138-8004,985,61.42,27.16,95.64,83.57
225,Tybalt,Eneas,teneas68@slideshare.net,Male,77.3.66.121,448-607-3552,171,33.85,61.36,33.18,32.64
226,Ker,Windmill,kwindmill69@nba.com,Male,161.111.158.103,925-227-7476,438,28.61,54.97,73.17,99.94
227,Alex,,asaur6a@berkeley.edu,Female,98.43.186.5,,,62.13,20.29,37.31,97.92
228,Clarice,Gerber,cgerber6b@theatlantic.com,Female,42.174.175.91,183-717-7081,942,82.68,25.87,49.84,78.88
229,Netty,Elderidge,nelderidge6c@theglobeandmail.com,Bigender,88.53.51.2,945-422-2413,97,43.09,72.74,32.21,93.18
230,Bridgette,Mountjoy,bmountjoy6d@github.com,Female,233.60.120.255,343-337-7464,509,65.42,72.14,44.15,66.8
231,Ignacius,Manginot,imanginot6e@prlog.org,Male,94.230.37.122,568-175-8477,330,74.97,67.83,93.09,83.56
232,Andria,Philipart,aphilipart6f@godaddy.com,Female,15.235.89.18,564-781-3316,786,35.46,41.04,34.5,70.04
233,Gordan,Risely,grisely6g@vkontakte.ru,Male,79.99.84.39,614-483-3153,709,60.86,69.65,32.59,36.02
234,Dulcine,Olijve,dolijve6h@phpbb.com,Female,90.93.9.93,584-721-9094,614,21.04,75.78,92.91,89.79
235,Aubry,Donisi,adonisi6i@sphinn.com,Female,176.117.108.14,395-868-0510,945,30.63,62.72,99.21,30.97
236,Essa,Julien,ejulien6j@google.ru,Female,227.2.95.80,913-408-0851,740,90.69,69.41,57.66,25.33
237,Ermanno,Kaine,ekaine6k@gnu.org,Male,118.251.49.166,111-441-6300,376,51.5,87.87,43.29,70.76
238,Shelley,Yackiminie,syackiminie6l@nsw.gov.au,Male,61.57.135.202,849-696-5040,203,97.47,77.5,35.88,67.83
239,Peria,Parlett,pparlett6m@deviantart.com,Female,15.124.171.119,197-942-1098,40,43.32,57.8,73.41,80.16
240,Phillida,Bradden,pbradden6n@toplist.cz,Female,102.207.80.102,256-893-5509,568,56.32,69.76,84.5,73.93
241,Danni,Mitchinson,dmitchinson6o@constantcontact.com,Female,110.209.16.87,642-370-7815,390,94.37,72.76,86.5,95.56
242,Judie,,jhuguet6p@unblog.fr,Female,130.74.174.211,,,61.1,40.89,70.87,32.43
243,Nilson,Couche,ncouche6q@yahoo.co.jp,Genderfluid,243.249.102.251,981-125-6643,183,14.36,20.64,71.35,50.26
244,Cherise,Corrington,ccorrington6r@psu.edu,Female,196.124.3.212,681-752-0525,773,93.09,82.47,60.09,82.77
245,Giraud,Varsey,gvarsey6s@narod.ru,Male,100.217.2.7,988-806-9120,803,67.15,57.94,78.67,25.92
246,Roarke,Peaseman,rpeaseman6t@moonfruit.com,Male,177.238.5.34,169-702-9400,791,65.39,54.11,63.05,31.13
247,Virgie,Thompson,vthompson6u@huffingtonpost.com,Non-binary,158.93.40.127,542-973-0505,659,52.23,98.16,67.67,74.28
248,Lucina,Dugan,ldugan6v@fotki.com,Female,175.119.50.82,935-496-3728,106,84.88,46.29,99.62,44.42
249,Marsh,Cattenach,mcattenach6w@seesaa.net,Male,231.124.12.105,488-502-8287,979,60.27,48.39,67.54,74.96
250,Aylmar,Backshaw,abackshaw6x@apple.com,Male,115.140.119.32,276-330-4238,709,80.55,96.85,53.68,87.19
251,Esme,Saylor,esaylor6y@cdc.gov,Female,10.28.41.139,915-239-8798,181,62.81,69.03,95.6,51.41
252,Thaine,,tmcellen6z@dion.ne.jp,Male,134.177.45.226,,,45.84,40.03,60.85,77.23
253,Alleen,Rablen,arablen70@answers.com,Genderqueer,56.194.139.188,219-398-1217,170,21.5,60.34,93.71,57.48
254,Carmine,Studdal,cstuddal71@spiegel.de,Male,78.72.195.212,769-742-6171,227,87.56,48.71,85.12,84.84
255,Betty,Philcock,bphilcock72@shutterfly.com,Female,4.171.241.68,471-409-8444,618,72.65,96.85,41.83,62.42
256,Mil,,mchopping73@japanpost.jp,Polygender,41.236.244.145,,,99.3,89.96,42.4,84.31
257,Frans,,fbayfield74@about.me,Male,70.20.63.196,,,49.7,81.44,63.44,70.77
258,Truda,,twhisson75@mail.ru,Agender,5.115.204.213,,,44.18,34.02,77.29,86.52
259,Stavro,Blethyn,sblethyn76@aboutads.info,Male,185.137.91.154,953-732-4864,444,73.83,20.3,96.8,55.4
260,Ange,Geldard,ageldard77@businessinsider.com,Female,117.71.2.125,130-384-2988,163,16.62,34.05,37.73,49.54
261,Bonnie,Saint,bsaint78@aboutads.info,Genderqueer,203.77.45.64,713-812-2119,30,84.03,61.28,58.66,54.84
262,Peta,Everly,peverly79@census.gov,Female,247.182.92.92,823-803-4495,75,57.2,27.05,93.15,80.86
263,Angelita,,ahowle7a@fda.gov,Female,37.246.223.244,,,74.73,37.27,98.93,46.23
264,Kamila,Perrat,kperrat7b@pinterest.com,Female,38.178.91.216,157-696-8865,445,87.41,74.14,68.55,89.07
265,Sydelle,,smathers7c@vimeo.com,Genderfluid,51.11.117.25,,,98.51,89.79,49.54,81.21
266,Sharyl,Ladbrooke,sladbrooke7d@sitemeter.com,Female,79.22.20.130,445-409-9372,887,67.42,80.34,87.66,52.87
267,Garrott,Dohms,gdohms7e@delicious.com,Male,136.25.192.184,804-670-5777,788,61.07,41.23,50.71,39.26
268,Karmen,,ktribble7f@zimbio.com,Female,7.198.108.64,,,84.8,21.4,79.1,87.57
269,Carley,Asken,casken7g@google.com.hk,Female,127.131.50.15,763-799-7518,453,36.95,60.88,80.85,90.11
270,Andromache,,agillard7h@yahoo.com,Female,237.190.197.9,,,19.89,85.41,72.72,50.32
271,Cosme,Stonhouse,cstonhouse7i@economist.com,Male,25.47.247.205,299-586-0583,154,10.49,48.98,55.47,85.44
272,Farrel,Carman,fcarman7j@nsw.gov.au,Male,246.205.98.175,571-473-6558,372,28.68,53.78,41.24,47.86
273,Rodrick,Spada,rspada7k@addtoany.com,Male,70.81.153.28,839-563-3769,497,97.41,89.58,94.69,60.9
274,Fanechka,Minerdo,fminerdo7l@omniture.com,Female,71.9.204.18,168-240-4649,648,11.49,66.32,55.52,48.69
275,Mallorie,Weine,mweine7m@usgs.gov,Female,249.70.240.8,144-862-7124,200,88.2,58.89,43.75,33.44
276,Dell,Bringloe,dbringloe7n@si.edu,Male,112.25.214.3,761-632-2890,321,19.71,27.29,93.7,96.81
277,Bernie,Haskell,bhaskell7o@pcworld.com,Male,91.3.243.244,292-637-9790,31,66.21,45.38,51.51,49.29
278,Chiquia,Ciccetti,cciccetti7p@google.it,Female,227.227.248.113,193-435-6129,42,14.06,35.73,63.49,93.74
279,Claiborne,,cgoncalo7q@odnoklassniki.ru,Male,160.87.74.4,,,54.92,80.51,96.86,99.66
280,Ravi,Tacker,rtacker7r@printfriendly.com,Male,201.123.68.27,761-642-3614,809,94.45,98.47,38.38,64.44
281,Gerhard,Barnicott,gbarnicott7s@mtv.com,Male,141.63.254.197,734-999-0449,545,22.85,32.76,33.11,26.39
282,Meade,Davy,mdavy7t@wix.com,Male,240.56.11.198,699-334-7373,385,73.37,95.2,68.48,88.66
283,Ashlie,Houndsom,ahoundsom7u@wix.com,Female,249.184.228.102,512-851-8984,539,62.76,21.98,61.6,86.86
284,Sampson,Calcraft,scalcraft7v@webeden.co.uk,Male,107.110.212.80,381-897-9836,70,98.06,41.97,53.37,69.9
285,Nessy,Bennis,nbennis7w@nhs.uk,Female,113.173.121.47,203-789-5128,700,26.81,42.93,51.68,57.49
286,Elvera,,ecrewther7x@aol.com,Female,59.70.119.236,,,72.02,43.8,48.84,39.06
287,Orelia,,olilford7y@theguardian.com,Female,190.187.2.115,,,40.87,82.51,63.56,29.93
288,Leigh,Norridge,lnorridge7z@qq.com,Male,105.47.191.30,782-466-2935,370,96.67,67.73,65.68,86.5
289,Damita,Deppe,ddeppe80@tinyurl.com,Female,53.98.185.197,729-962-1898,895,41.21,37.25,82.89,94.12
290,Janot,Chesser,jchesser81@wufoo.com,Female,114.31.48.13,977-672-3133,531,43.21,54.56,82.41,64.11
291,Cesare,Tilliards,ctilliards82@oaic.gov.au,Male,111.179.47.231,311-750-7299,993,88.98,68.82,61.49,79.53
292,Irina,Donnell,idonnell83@toplist.cz,Female,104.194.171.191,796-369-6864,9,64.89,89.21,69.82,49.18
293,Orv,Lonergan,olonergan84@mozilla.com,Male,245.196.232.196,961-176-8696,498,60.11,88.12,53.82,78.34
294,Moss,Clipston,mclipston85@vimeo.com,Male,114.242.186.121,236-363-8306,391,14.81,51.56,89.38,85.06
295,Antonina,Walkey,awalkey86@biblegateway.com,Female,240.163.246.246,833-135-4955,544,29.74,88.53,78.4,71.58
296,Margarita,Vanyashin,mvanyashin87@nature.com,Female,136.222.42.228,670-337-7034,948,37.13,83.23,51.02,48.92
297,Tabitha,Rollason,trollason88@buzzfeed.com,Female,64.45.27.210,101-499-4166,212,71.69,24.49,62.66,38.2
298,Stesha,Gore,sgore89@sbwire.com,Female,85.69.101.250,384-643-2789,880,63.84,55.33,31.05,26.47
299,Nanine,Filipputti,nfilipputti8a@noaa.gov,Female,83.78.200.12,833-341-4349,306,91.24,65.55,42.58,68.4
300,Marylin,Tethcote,mtethcote8b@furl.net,Female,0.16.136.169,934-132-5486,292,53.95,54.74,55.12,47.78
301,Michele,Giamelli,mgiamelli8c@hud.gov,Genderqueer,134.224.193.164,136-959-8736,92,41.32,36.82,46.81,54.58
302,Herman,McNeil,hmcneil8d@who.int,Male,241.7.105.46,492-586-7171,295,40.34,61.73,59.62,40.18
303,Quinn,Gwyneth,qgwyneth8e@domainmarket.com,Female,71.222.211.230,916-348-5912,244,52.49,64.72,47.45,64.93
304,Daffie,,dshergold8f@tmall.com,Female,181.56.159.212,,,82.34,65.47,34.06,46.84
305,Prissie,Caulton,pcaulton8g@answers.com,Female,167.190.121.62,310-820-6777,135,26.33,94.1,48.95,30.52
306,Mylo,,msinnatt8h@telegraph.co.uk,Male,62.175.244.189,,,24.85,97.94,56.08,95.69
307,Verge,Favela,vfavela8i@newyorker.com,Male,8.129.3.113,435-106-7403,999,16.88,76.14,84.36,95.06
308,Fidel,Aird,faird8j@salon.com,Male,55.50.208.56,464-726-4564,150,20.44,68.95,86.56,83.48
309,Dotty,Janu,djanu8k@arstechnica.com,Female,119.82.76.223,559-286-8553,35,50.92,26.51,62.57,43.72
310,Ian,Ferreli,iferreli8l@techcrunch.com,Male,224.87.26.113,253-657-6505,898,51.13,97.14,52.23,89.7
311,Maryellen,Mumbray,mmumbray8m@soup.io,Female,77.194.170.225,242-124-5994,440,80.66,82.1,39.17,86.17
312,Norah,Fandrey,nfandrey8n@bloglines.com,Female,253.34.155.0,321-321-0129,942,55.39,66.76,97.6,63.5
313,Izaak,Cottel,icottel8o@google.cn,Male,22.137.28.243,288-426-6868,238,26.8,89.63,61.47,29.18
314,Teddie,Mordie,tmordie8p@godaddy.com,Male,142.111.6.236,865-202-3921,425,25.2,23.55,58.22,48.58
315,Helene,Coupe,hcoupe8q@virginia.edu,Female,191.155.60.183,926-835-1706,433,47.25,34.53,82.84,49.69
316,Kareem,Brewer,kbrewer8r@mozilla.com,Male,210.213.189.253,756-793-3622,791,59.37,86.06,43.95,54.62
317,Greer,Scotts,gscotts8s@ustream.tv,Female,186.66.123.83,733-442-3759,165,30.39,83.61,72.31,75.33
318,Kyrstin,Yurmanovev,kyurmanovev8t@wix.com,Female,85.70.139.186,493-233-0703,626,85.85,40.49,53.15,76.71
319,Clair,,cmongain8u@gov.uk,Male,39.100.45.243,,,24.75,87.46,65.45,44.01
320,Birch,Carrier,bcarrier8v@nifty.com,Male,175.216.66.245,236-857-7246,212,67.44,35.73,55.59,94.42
321,El,Cloney,ecloney8w@vistaprint.com,Bigender,143.28.79.108,453-880-5925,29,25.63,49.37,81.46,88.7
322,Clovis,Waggitt,cwaggitt8x@sina.com.cn,Female,64.193.95.100,497-999-8254,963,98.0,94.38,68.77,81.89
323,Henry,Jan,hjan8y@thetimes.co.uk,Male,31.151.206.46,153-346-4263,185,35.14,66.91,70.02,85.29
324,Glenna,Bagehot,gbagehot8z@1und1.de,Female,78.44.210.54,149-382-3038,192,84.9,27.67,67.98,50.37
325,Artemas,Schaffel,aschaffel90@prweb.com,Male,93.43.217.115,335-378-4419,131,49.37,25.59,81.85,43.31
326,Rollins,Trowell,rtrowell91@si.edu,Male,47.147.245.56,512-171-9082,377,28.68,35.37,51.74,26.12
327,Joana,Pellew,jpellew92@sphinn.com,Female,168.95.215.48,707-480-6508,318,58.41,91.36,57.81,25.65
328,Mirabella,MacGiffin,mmacgiffin93@independent.co.uk,Female,241.30.171.142,365-589-4509,963,46.68,43.8,48.74,31.58
329,Kippy,,kcoulthard94@fastcompany.com,Female,48.221.199.186,,,51.49,36.05,58.54,98.82
330,Missie,,mrispin95@jalbum.net,Female,195.146.145.11,,,43.27,70.6,91.68,59.78
331,Roman,Stanfield,rstanfield96@cnbc.com,Genderfluid,50.28.85.120,272-896-1758,950,41.82,82.0,60.6,42.73
332,Gusty,,gnerney97@utexas.edu,Female,93.58.44.138,,,62.68,47.28,44.79,94.87
333,Bernarr,Battisson,bbattisson98@odnoklassniki.ru,Male,227.223.25.204,208-247-8021,674,24.02,40.91,74.22,72.82
334,Merrick,Longfut,mlongfut99@cdbaby.com,Male,218.47.79.59,144-199-2460,490,37.99,26.59,62.87,60.33
335,Burtie,,betchingham9a@seesaa.net,Male,127.46.185.48,,,34.98,49.5,79.5,30.72
336,Oliviero,Gascard,ogascard9b@barnesandnoble.com,Bigender,175.45.83.133,389-368-8501,333,47.37,36.39,90.8,43.49
337,Richy,Mawman,rmawman9c@imdb.com,Male,55.123.94.241,305-971-2317,318,56.15,47.39,55.42,36.28
338,Orren,Yitzhak,oyitzhak9d@apple.com,Genderfluid,168.233.134.209,782-920-1277,602,85.92,72.83,81.4,55.89
339,Merle,Brusin,mbrusin9e@archive.org,Male,215.225.190.141,831-842-7947,648,53.13,95.48,53.55,49.14
340,Izaak,,ibeetles9f@examiner.com,Bigender,170.17.18.47,,,99.93,83.38,53.79,29.45
341,Jae,Chasson,jchasson9g@ask.com,Male,34.188.165.207,572-460-4996,389,14.3,63.43,95.18,70.63
342,Seymour,McEvoy,smcevoy9h@addthis.com,Male,111.160.142.198,551-978-3120,289,27.04,67.01,99.05,23.42
343,My,Down,mdown9i@abc.net.au,Male,90.125.52.74,861-630-1027,352,65.37,45.25,89.1,67.17
344,Mayor,Yeatman,myeatman9j@facebook.com,Male,223.193.90.201,508-354-6205,733,22.58,22.48,80.11,90.24
345,Sabrina,MacCarter,smaccarter9k@ebay.co.uk,Female,233.52.239.169,325-865-5009,859,72.82,48.21,55.17,36.21
346,Tanya,Taysbil,ttaysbil9l@baidu.com,Female,137.25.75.1,732-217-0146,618,85.85,59.02,77.12,96.24
347,Faythe,Salery,fsalery9m@virginia.edu,Female,155.250.8.174,160-769-1974,422,69.84,98.59,81.16,69.02
348,Corabella,Nand,cnand9n@google.cn,Female,39.187.196.87,203-157-2921,685,47.16,39.04,30.53,37.15
349,Filbert,,flaidlow9o@cnet.com,Male,38.201.77.9,,,62.68,34.01,83.25,46.2
350,Arvie,,arintoul9p@latimes.com,Male,92.61.101.253,,,94.0,98.12,83.48,90.84
351,Kaiser,Summerson,ksummerson9q@gravatar.com,Male,13.47.140.197,855-353-6012,88,44.57,51.44,85.35,29.62
352,Sammie,Gland,sgland9r@state.tx.us,Male,21.232.95.118,351-268-8932,477,57.15,55.02,41.93,29.59
353,Stu,Burder,sburder9s@bigcartel.com,Male,2.185.134.143,310-537-9397,315,83.57,36.75,99.0,67.21
354,Hannis,Shrigley,hshrigley9t@howstuffworks.com,Female,56.105.110.132,812-786-3270,900,90.58,74.05,75.22,32.96
355,Laure,Cote,lcote9u@google.com.br,Female,238.119.248.224,543-199-5848,120,87.78,41.72,96.05,74.8
356,Gian,Arch,garch9v@stumbleupon.com,Male,176.222.111.212,658-997-2474,525,45.36,28.82,50.87,34.41
357,Laina,Lambarton,llambarton9w@dedecms.com,Female,115.69.233.235,767-433-8940,392,51.94,39.6,52.42,91.57
358,Madelene,,mhatchman9x@netscape.com,Female,239.40.223.107,,,92.07,75.74,35.42,28.85
359,Ellerey,Brunsden,ebrunsden9y@bravesites.com,Male,216.225.83.140,463-726-8554,734,99.63,94.45,68.81,89.82
360,Emmye,Easson,eeasson9z@trellian.com,Female,240.91.242.100,104-436-4764,827,72.16,41.19,69.38,32.6
361,Emilee,Crumbleholme,ecrumbleholmea0@hao123.com,Female,219.42.234.156,519-476-0525,136,98.42,52.84,54.87,88.48
362,Delinda,,dnolleta1@dot.gov,Female,43.206.186.42,,,47.5,99.15,74.82,99.19
363,Tedd,Clover,tclovera2@twitter.com,Bigender,37.20.153.200,114-780-5576,102,52.91,94.79,57.85,95.66
364,Justus,Ducker,jduckera3@illinois.edu,Male,152.167.45.72,351-948-4441,24,83.17,53.71,46.41,86.81
365,Franky,Stock,fstocka4@prnewswire.com,Male,218.46.91.219,134-315-6034,173,35.89,87.26,59.02,60.49
366,Vally,Alliot,valliota5@utexas.edu,Female,201.103.162.187,445-129-0634,809,43.82,20.67,38.93,25.27
367,Vince,,vhollowa6@dailymotion.com,Male,16.199.99.151,,,51.63,92.94,47.25,95.12
368,Kearney,Rangell,krangella7@ning.com,Male,249.162.25.17,488-179-4949,262,65.51,20.71,38.22,32.67
369,Bordie,Binford,bbinforda8@wisc.edu,Polygender,135.15.2.76,251-708-1691,60,10.56,97.56,63.43,39.05
370,Abelard,,aloxtona9@diigo.com,Male,187.124.164.72,,,17.17,90.12,54.36,48.19
371,Mandel,McCarl,mmccarlaa@businessinsider.com,Male,35.183.62.0,417-917-7276,988,60.13,53.4,93.91,47.37
372,Eveleen,Fellibrand,efellibrandab@g.co,Non-binary,151.198.78.223,858-303-8310,612,35.06,23.77,62.41,36.6
373,Faulkner,,fspireac@elegantthemes.com,Male,161.76.118.67,,,75.23,22.5,73.09,87.63
374,Denise,Dundendale,ddundendalead@twitpic.com,Female,162.191.202.125,732-595-9818,985,68.98,77.98,54.5,81.98
375,Yettie,Peetermann,ypeetermannae@geocities.com,Female,22.22.82.203,441-300-2462,926,65.34,29.56,99.57,59.73
376,Gratiana,Goodley,ggoodleyaf@discuz.net,Female,248.251.11.115,358-529-5472,791,77.42,90.12,39.33,94.25
377,Claudian,,ctraiteag@trellian.com,Male,64.162.77.71,,,20.3,53.65,51.1,48.07
378,Carny,Milbourne,cmilbourneah@ebay.co.uk,Male,103.216.198.223,658-963-6970,656,11.38,51.94,80.84,84.5
379,Dedra,Dennick,ddennickai@fastcompany.com,Female,130.135.95.48,303-831-9775,88,13.53,61.82,83.06,30.95
380,Vivianna,,vifeaj@nsw.gov.au,Female,109.112.6.122,,,46.39,58.46,99.48,66.53
381,Andee,,abracciak@desdev.cn,Female,187.180.28.237,,,59.32,44.16,30.79,68.35
382,Caryl,O' Flaherty,coflahertyal@trellian.com,Male,168.104.148.114,735-661-9099,524,21.66,43.74,46.53,36.8
383,Sibylla,Candelin,scandelinam@vkontakte.ru,Female,39.43.185.165,676-376-8329,991,57.12,60.85,46.27,66.94
384,Horst,Binden,hbindenan@bloglovin.com,Male,57.76.221.188,759-556-9065,773,24.25,39.73,38.29,23.72
385,Robers,Glanfield,rglanfieldao@example.com,Male,52.118.239.244,796-517-4130,978,99.6,42.28,87.94,39.86
386,Kellen,Instone,kinstoneap@nih.gov,Male,180.226.185.189,182-310-5973,702,76.38,78.16,58.63,86.03
387,Curcio,Waring,cwaringaq@scientificamerican.com,Male,18.45.13.13,524-219-2934,610,16.66,23.92,87.01,65.46
388,Homerus,Podmore,hpodmorear@live.com,Male,27.209.93.17,832-350-2504,973,17.22,63.97,77.27,35.06
389,Odell,Degoey,odegoeyas@example.com,Male,237.147.41.52,608-380-5914,606,26.7,87.01,74.94,42.08
390,Kassandra,Dyerson,kdyersonat@discovery.com,Female,150.140.192.17,986-351-3028,24,49.69,80.8,86.01,54.88
391,Deirdre,,dhathwayau@hexun.com,Female,178.185.175.180,,,57.6,77.63,56.88,68.81
392,Robena,Baythorp,rbaythorpav@ucsd.edu,Female,2.37.13.8,904-368-0629,374,70.27,57.13,72.4,83.89
393,Welbie,Muston,wmustonaw@cisco.com,Male,95.121.6.163,749-185-3327,704,94.41,36.84,82.61,64.38
394,Cristionna,McLukie,cmclukieax@yellowbook.com,Female,189.186.187.119,302-757-1805,540,13.91,47.96,51.95,47.7
395,Woodman,Dani,wdaniay@businessinsider.com,Male,114.250.118.31,453-815-5472,632,99.72,33.34,40.59,97.21
396,Wolfy,,wfavillaz@foxnews.com,Male,223.248.146.124,,,67.6,71.78,95.64,79.47
397,Yehudit,,ychassonb0@addtoany.com,Male,85.164.128.90,,,38.85,41.26,80.77,42.35
398,Thornie,,tborellb1@springer.com,Male,88.196.107.51,,,59.3,65.36,35.72,88.8
399,Maximilien,Couttes,mcouttesb2@slate.com,Male,24.30.178.99,772-535-1430,153,38.78,70.89,76.35,35.35
400,Layney,Tweddle,ltweddleb3@technorati.com,Female,191.86.147.225,752-470-4095,759,12.95,20.26,79.75,90.94
401,Benedikt,Baildon,bbaildonb4@imgur.com,Male,157.143.117.186,618-689-7852,905,97.0,72.65,42.89,24.47
402,Codie,,cwinkworthb5@zimbio.com,Male,248.176.154.212,,,16.68,70.97,33.37,24.4
403,Jeramey,Fawdery,jfawderyb6@imdb.com,Male,124.242.79.155,912-295-7973,779,90.9,21.82,50.18,49.39
404,Jodie,Fredi,jfredib7@ucla.edu,Male,198.181.111.4,743-406-5596,844,48.34,75.94,44.86,25.1
405,Wendell,,wclitheroeb8@state.tx.us,Non-binary,233.59.223.46,,,20.72,90.62,56.08,95.6
406,Rhetta,Sim,rsimb9@princeton.edu,Female,16.141.222.121,535-160-5163,699,90.98,77.5,47.16,75.74
407,Geri,Klaas,gklaasba@japanpost.jp,Female,12.252.103.91,656-683-1307,650,61.08,64.38,99.47,88.46
408,Yettie,,ygianneschibb@constantcontact.com,Female,18.212.36.252,,,98.51,29.92,81.38,64.21
409,Cordy,Mizzi,cmizzibc@weather.com,Female,238.49.196.61,611-177-5757,265,99.33,40.06,81.72,45.22
410,Hector,Paulsen,hpaulsenbd@narod.ru,Male,56.49.52.65,583-738-1986,923,52.74,73.21,38.21,23.84
411,Vail,Kalkhoven,vkalkhovenbe@github.io,Male,7.35.193.187,608-406-3229,907,89.02,48.87,85.64,58.3
412,Joye,Haly,jhalybf@google.co.jp,Female,92.160.93.91,928-432-8951,998,32.71,51.55,33.62,68.03
413,Delano,,ddunfordbg@histats.com,Genderfluid,124.250.56.132,,,40.5,79.93,97.87,40.2
414,Pierson,,ptonrybh@uol.com.br,Male,232.62.45.88,,,92.95,76.45,50.46,66.97
415,Richy,Ouldcott,rouldcottbi@ehow.com,Male,61.58.58.232,320-225-9233,914,55.59,56.63,48.37,81.75
416,Karlens,Culbert,kculbertbj@hao123.com,Male,216.111.180.111,430-604-5197,640,48.2,86.84,36.89,76.3
417,Balduin,Behagg,bbehaggbk@typepad.com,Male,185.240.31.53,575-294-1973,925,45.38,85.65,40.03,76.38
418,Jay,,jfesslerbl@cbc.ca,Male,213.224.175.193,,,97.37,82.84,38.61,59.51
419,Sarine,Chell,schellbm@cdbaby.com,Genderqueer,78.78.83.194,872-133-8439,917,57.1,65.34,45.36,62.0
420,Kaiser,,krunnettbn@edublogs.org,Male,29.90.207.244,,,76.35,53.08,94.29,57.36
421,Charissa,Cardenosa,ccardenosabo@gravatar.com,Female,39.151.149.18,852-513-8953,92,98.13,48.61,89.33,82.85
422,Rusty,Brehaut,rbrehautbp@wp.com,Male,92.142.223.18,677-152-3904,737,44.78,42.79,91.64,81.81
423,Beatrice,Cabotto,bcabottobq@miitbeian.gov.cn,Female,225.187.88.14,730-144-1449,731,56.21,34.79,69.63,43.06
424,Juliane,Jakoviljevic,jjakoviljevicbr@wired.com,Female,164.203.219.54,728-206-7940,568,40.78,48.42,89.41,87.45
425,Del,,dtrotmanbs@sbwire.com,Female,234.127.233.82,,,52.51,99.73,91.14,96.53
426,Mignon,Newark,mnewarkbt@census.gov,Female,229.137.4.196,882-217-1393,7,99.81,46.92,35.83,43.52
427,Danyette,Larmuth,dlarmuthbu@jigsy.com,Female,114.87.50.111,428-124-7437,152,92.57,64.9,46.24,55.83
428,Charleen,Boyet,cboyetbv@ted.com,Female,27.196.51.122,798-854-5589,818,99.9,48.27,46.92,50.98
429,Patrizio,Pitrollo,ppitrollobw@wordpress.org,Male,117.222.79.41,374-242-5695,589,36.16,66.14,91.26,57.65
430,Neale,Gillhespy,ngillhespybx@timesonline.co.uk,Male,131.116.155.164,936-366-2910,218,22.32,30.7,53.29,35.17
431,Gustav,Pendall,gpendallby@gravatar.com,Male,170.88.147.71,734-908-5118,961,42.81,60.88,86.26,94.76
432,Pyotr,,pmitfordbz@studiopress.com,Male,50.41.3.42,,,33.13,99.04,70.12,87.02
433,Antoine,Lethbrig,alethbrigc0@bbc.co.uk,Male,152.65.235.207,922-298-7242,995,87.22,66.18,44.3,67.23
434,Ragnar,,ralwoodc1@utexas.edu,Male,176.10.168.202,,,35.83,23.59,92.59,92.03
435,Ameline,Cutbirth,acutbirthc2@canalblog.com,Female,97.131.114.198,133-318-2385,540,67.8,88.39,86.68,51.3
436,Susana,Kesper,skesperc3@icio.us,Female,162.154.28.220,824-153-8512,180,32.83,81.38,90.99,55.55
437,Rebekkah,Johansen,rjohansenc4@auda.org.au,Female,221.68.211.75,899-436-2594,309,84.15,53.68,97.7,56.31
438,Burt,,brollingc5@addthis.com,Male,29.82.163.18,,,49.03,34.2,61.28,78.11
439,Miquela,,mmcfallc6@paginegialle.it,Female,48.164.7.172,,,34.4,52.62,93.39,31.52
440,Rosa,Studdal,rstuddalc7@ifeng.com,Female,175.194.113.137,360-358-2128,292,91.01,79.32,48.1,55.83
441,Peria,Marchelli,pmarchellic8@arizona.edu,Female,197.162.149.167,630-938-3225,324,87.69,89.83,45.91,97.0
442,Janith,,jellacottc9@histats.com,Bigender,75.209.173.237,,,54.11,44.4,34.75,55.71
443,Sephira,,slevingtonca@ox.ac.uk,Female,239.92.69.228,,,43.7,91.15,92.46,48.15
444,Camile,Gisbye,cgisbyecb@is.gd,Female,29.128.33.102,871-595-2348,726,95.33,86.85,62.64,74.56
445,Chandler,,cfrenschcc@about.com,Male,240.139.192.185,,,19.09,90.39,95.59,51.58
446,Andrea,Smeall,asmeallcd@uol.com.br,Male,78.166.227.77,353-957-0059,1000,97.69,47.89,42.5,44.68
447,Marrilee,Morgon,mmorgonce@devhub.com,Female,143.146.244.50,203-537-4998,254,86.32,44.35,67.59,42.78
448,Coralyn,Barensky,cbarenskycf@ameblo.jp,Female,157.250.6.231,309-916-6360,421,51.99,92.77,62.44,99.18
449,Clio,Blaze,cblazecg@digg.com,Female,232.254.73.70,832-580-6413,667,57.71,80.13,75.61,99.79
450,Althea,,aboordch@tuttocitta.it,Female,91.174.238.132,,,58.67,97.66,72.52,37.06
451,Elonore,Litton,elittonci@usatoday.com,Polygender,4.139.95.244,242-600-3859,575,36.2,55.88,61.71,87.68
452,Delilah,Ruler,drulercj@paginegialle.it,Female,35.113.170.25,885-527-5548,131,70.2,50.65,61.77,51.56
453,Reid,Fullstone,rfullstoneck@ucla.edu,Male,8.60.202.175,921-580-4234,470,56.81,26.66,94.59,97.65
454,Jacquelynn,Avison,javisoncl@merriam-webster.com,Female,33.250.101.29,727-133-5704,492,15.65,67.09,40.64,97.75
455,Torin,Horsewood,thorsewoodcm@typepad.com,Male,72.215.69.88,359-717-2650,821,46.83,91.67,74.14,54.94
456,Agata,Vigne,avignecn@constantcontact.com,Female,250.141.237.27,519-228-3352,51,23.76,77.49,90.4,99.5
457,Lydia,Suarez,lsuarezco@arizona.edu,Female,23.61.36.79,215-850-3451,431,73.48,62.79,50.68,78.21
458,Odelia,Sidaway,osidawaycp@blog.com,Female,240.142.65.38,862-210-8210,712,45.14,87.42,58.46,98.8
459,Filip,Gribbell,fgribbellcq@hostgator.com,Male,224.138.13.152,125-283-5616,486,46.27,72.63,51.1,33.81
460,Philippa,Gohier,pgohiercr@nyu.edu,Female,244.27.212.62,363-248-8323,660,16.74,97.8,82.62,70.27
461,Bobby,Stabler,bstablercs@imageshack.us,Female,143.170.51.208,338-374-5434,132,77.57,45.62,99.5,76.44
462,Abbe,Buddle,abuddlect@dailymail.co.uk,Female,193.24.25.9,794-950-8750,249,27.9,71.38,34.83,70.53
463,Thor,Muck,tmuckcu@adobe.com,Male,163.24.14.57,761-797-7175,305,85.91,80.35,54.84,83.47
464,Britteny,Carvill,bcarvillcv@bbc.co.uk,Female,15.12.46.81,743-465-5902,907,31.43,62.0,47.22,86.12
465,Atlante,Hatry,ahatrycw@netvibes.com,Female,144.104.255.249,397-189-3250,608,30.99,99.9,98.67,82.53
466,Ailina,De Minico,ademinicocx@oracle.com,Female,34.50.91.72,936-689-1272,74,94.96,95.16,90.21,36.73
467,Violet,,vgreensitecy@deviantart.com,Female,238.237.211.184,,,84.5,82.9,84.4,60.24
468,Salmon,Porter,sportercz@google.fr,Male,46.204.138.126,234-624-4623,964,46.27,38.44,59.82,71.79
469,Parsifal,Skiggs,pskiggsd0@hp.com,Male,247.143.76.46,671-906-5662,326,55.61,67.12,37.36,56.86
470,Albina,Ankrett,aankrettd1@forbes.com,Female,66.12.2.24,396-321-4119,626,50.27,57.95,73.35,42.88
471,Edlin,Wanek,ewanekd2@ftc.gov,Male,136.159.247.64,594-714-2438,817,47.16,78.86,62.47,90.5
472,Cristiano,Stuckley,cstuckleyd3@webeden.co.uk,Male,10.152.157.135,287-535-2698,923,51.55,78.47,52.98,73.64
473,Ricky,Unsworth,runsworthd4@examiner.com,Male,149.169.223.119,921-419-4318,673,61.28,25.28,67.2,87.24
474,Josephine,,jnowaczykd5@slashdot.org,Female,138.226.188.86,,,55.33,89.76,42.23,78.54
475,Vitoria,Millwall,vmillwalld6@purevolume.com,Female,56.239.11.40,391-359-7389,162,10.61,81.54,96.07,71.03
476,Gill,Yanin,gyanind7@sphinn.com,Female,211.115.48.113,201-350-7304,727,65.14,77.73,78.09,71.58
477,Saleem,Ryland,srylandd8@hud.gov,Male,68.170.56.74,465-811-9634,95,39.72,42.27,93.17,65.57
478,Andrej,,awestmorlandd9@theguardian.com,Bigender,141.83.206.26,,,96.18,55.78,84.71,61.79
479,Gustav,,gtredwellda@skype.com,Male,205.229.169.218,,,29.59,89.01,51.78,31.72
480,Constantina,Glide,cglidedb@storify.com,Female,187.173.121.159,761-161-7113,587,76.07,26.11,74.49,98.32
481,Bruce,Grinvalds,bgrinvaldsdc@marriott.com,Male,140.103.140.205,589-408-6611,921,38.24,77.98,78.97,95.18
482,Genni,Trimme,gtrimmedd@yahoo.com,Female,179.228.250.4,990-203-9427,126,17.07,83.04,39.1,38.45
483,Em,,egethousede@imageshack.us,Female,62.66.119.181,,,59.27,24.89,54.05,77.85
484,Gabey,Presland,gpreslanddf@skype.com,Female,166.95.108.95,142-362-8596,811,47.01,94.87,62.82,91.38
485,Hally,,hgathercoaldg@sourceforge.net,Female,233.136.57.11,,,64.39,42.61,72.44,36.07
486,Layla,,lokynsillaghedh@icio.us,Female,133.125.124.95,,,58.48,66.89,63.84,86.37
487,Zacharie,Paske,zpaskedi@lulu.com,Male,98.14.243.69,227-637-9748,175,75.14,54.72,64.75,76.55
488,Bentlee,Sleney,bsleneydj@answers.com,Polygender,84.67.195.60,445-240-9368,662,67.66,34.27,90.25,34.59
489,Caron,Barck,cbarckdk@apache.org,Female,193.62.120.164,684-628-3879,338,85.72,35.71,30.86,50.46
490,Rasia,,rbalnavesdl@cpanel.net,Female,134.158.199.84,,,96.42,96.1,41.79,51.77
491,Ebony,Gillean,egilleandm@purevolume.com,Female,235.107.226.108,808-713-7958,74,46.1,82.1,58.31,84.35
492,Darcie,Whitwam,dwhitwamdn@alibaba.com,Female,140.183.252.230,315-619-3737,205,49.72,65.0,54.66,36.52
493,Andromache,Mahaffey,amahaffeydo@wp.com,Female,127.9.243.122,326-391-7742,390,68.0,86.82,96.22,46.48
494,Ringo,Eschalette,reschalettedp@1688.com,Male,128.117.89.225,776-601-0806,208,53.12,70.22,53.67,87.47
495,Dyanne,Flannigan,dflannigandq@ihg.com,Female,112.44.49.13,164-771-9947,846,40.85,57.47,75.79,33.07
496,Wandis,,wclementetdr@china.com.cn,Female,171.37.129.79,,,15.21,58.55,43.83,25.31
497,Hettie,Judron,hjudronds@webeden.co.uk,Female,97.0.52.164,761-733-1131,505,98.87,48.33,38.08,55.33
498,Holden,,hstennetdt@digg.com,Male,144.67.206.15,,,61.8,53.25,67.38,45.85
499,Neal,Etheredge,netheredgedu@blinklist.com,Male,143.36.224.89,449-791-3940,415,58.58,32.31,41.85,34.05
500,Wayne,Sewart,wsewartdv@blogger.com,Male,113.225.28.134,132-756-0589,597,98.47,26.6,33.53,83.53
501,Tristan,,tbreedsdw@eventbrite.com,Male,104.107.168.254,,,41.15,22.02,54.37,55.58
502,Evered,Pavy,epavydx@aboutads.info,Male,58.155.208.235,155-328-1242,107,12.74,44.22,33.52,62.0
503,Clair,Foucher,cfoucherdy@wp.com,Female,224.170.9.27,337-620-9032,533,41.65,90.42,84.33,76.28
504,Barbie,Oldman,boldmandz@joomla.org,Female,31.252.37.80,260-856-9754,370,20.88,88.27,55.73,74.24
505,Merilyn,Ronnay,mronnaye0@weather.com,Female,58.171.59.195,617-945-7710,620,94.22,74.19,80.07,89.96
506,Calida,Hanne,channee1@ocn.ne.jp,Female,16.136.90.207,860-769-8017,525,19.35,89.08,37.62,64.4
507,Gilda,Crollman,gcrollmane2@desdev.cn,Female,44.21.95.84,199-885-9244,727,98.0,62.76,84.5,95.11
508,Lloyd,Merfin,lmerfine3@joomla.org,Male,89.35.42.114,646-911-6040,138,55.11,83.44,37.81,98.85
509,Jermaine,Franchioni,jfranchionie4@blog.com,Male,180.105.145.75,571-866-8494,116,76.82,69.18,44.21,37.6
510,Cleopatra,Santi,csantie5@quantcast.com,Female,15.74.77.169,605-275-6337,266,81.5,95.03,83.44,55.93
511,Carie,Antonikov,cantonikove6@hp.com,Female,36.221.91.130,396-363-4459,230,64.76,44.16,67.8,26.17
512,Obed,Kopje,okopjee7@cnet.com,Male,135.153.217.48,210-546-7021,671,56.37,99.46,85.16,33.92
513,Fey,O'Brallaghan,fobrallaghane8@tripod.com,Female,65.42.127.67,664-981-1894,746,61.97,21.76,55.6,75.78
514,Giffie,Kilday,gkildaye9@fotki.com,Bigender,248.152.113.78,915-129-8733,171,39.64,80.71,44.22,53.2
515,Laurella,Halliburton,lhalliburtonea@tmall.com,Female,32.134.3.102,898-258-4152,187,32.11,82.57,57.68,53.81
516,Gipsy,Meriel,gmerieleb@ucoz.com,Female,54.141.30.16,723-573-9088,155,29.16,62.42,73.82,29.98
517,Stanislas,Varnes,svarnesec@mtv.com,Male,237.74.92.176,437-413-6677,212,51.51,42.85,88.03,47.52
518,Lynne,Mattiessen,lmattiessened@istockphoto.com,Female,161.186.183.186,195-402-8951,133,25.6,76.13,89.6,49.2
519,Letta,Shaxby,lshaxbyee@sfgate.com,Female,73.68.53.137,589-957-8440,717,77.51,80.91,56.2,41.09
520,Connor,,cmortenef@amazon.co.jp,Male,193.55.10.4,,,34.78,92.71,95.06,66.23
521,Terrie,,tderyebarretteg@theatlantic.com,Female,75.115.104.225,,,91.87,23.68,44.79,26.59
522,Mavra,,mmaceh@flickr.com,Non-binary,98.142.168.35,,,91.73,75.93,50.46,74.36
523,Urson,Gibbings,ugibbingsei@bigcartel.com,Male,121.0.203.105,374-775-8916,697,42.45,76.0,85.14,59.02
524,Osgood,Wharby,owharbyej@nytimes.com,Male,17.46.43.17,108-527-0030,290,13.58,59.64,47.3,33.11
525,Minette,Seson,msesonek@photobucket.com,Non-binary,213.38.176.208,429-646-0973,924,36.02,33.08,33.92,86.19
526,Dyane,Heindl,dheindlel@cornell.edu,Female,65.180.127.209,986-621-8224,608,17.67,78.75,69.21,41.92
527,Morgen,Cowlam,mcowlamem@berkeley.edu,Female,171.147.70.211,544-156-3638,77,43.45,94.3,38.7,36.81
528,Berrie,Fortnum,bfortnumen@networksolutions.com,Female,179.178.237.104,932-430-7308,539,51.39,62.56,71.94,57.56
529,Olympe,Bariball,obariballeo@sciencedaily.com,Female,102.149.35.161,430-900-9380,593,61.95,29.38,90.74,52.57
530,Rosabelle,Chaundy,rchaundyep@rambler.ru,Female,37.203.129.39,563-478-2210,176,86.87,93.75,38.41,77.96
531,Cally,Leif,cleifeq@telegraph.co.uk,Female,71.40.200.141,355-266-0639,66,78.09,83.32,30.53,53.53
532,Vernen,,vtavernorer@mtv.com,Male,43.123.183.102,,,50.81,42.82,59.59,37.81
533,Bil,Shireff,bshireffes@storify.com,Male,235.86.168.199,901-502-4192,153,20.85,73.82,73.71,100.0
534,Horatio,,haspoleet@intel.com,Male,55.101.183.68,,,26.0,87.7,56.68,71.1
535,Heddie,,hmuncastereu@cnet.com,Female,144.29.253.38,,,24.43,72.49,46.38,72.51
536,Marietta,Litzmann,mlitzmannev@smugmug.com,Female,250.20.188.87,951-243-7624,122,69.71,42.15,59.11,31.33
537,Chrysa,Rafferty,craffertyew@columbia.edu,Female,58.136.98.42,550-929-5860,90,12.08,88.81,96.67,25.43
538,Vikky,Ashbee,vashbeeex@com.com,Female,35.163.221.91,219-787-2162,186,85.57,28.25,96.66,86.79
539,Leann,Cornely,lcornelyey@ebay.co.uk,Female,103.199.64.237,254-709-0705,786,98.36,30.27,48.54,35.98
540,Yelena,Cowope,ycowopeez@miibeian.gov.cn,Female,3.86.160.73,101-468-9118,197,36.62,92.81,91.19,68.59
541,Rochette,,rgudginf0@guardian.co.uk,Female,77.220.121.7,,,14.66,79.78,55.02,92.72
542,Chuck,,ctrippackf1@cam.ac.uk,Male,156.229.172.163,,,70.52,33.45,68.56,93.94
543,Nara,Causley,ncausleyf2@wp.com,Female,225.176.3.89,501-164-2937,445,97.34,55.31,60.24,97.21
544,Kennith,Freake,kfreakef3@reuters.com,Male,253.98.96.245,640-677-0081,433,16.11,87.06,84.8,96.43
545,Helene,,hchazerandf4@a8.net,Female,30.66.224.34,,,63.57,61.37,61.42,83.46
546,Rudd,Pendered,rpenderedf5@plala.or.jp,Male,90.200.88.189,556-336-1260,676,62.16,56.6,52.28,29.6
547,Gus,Smeaton,gsmeatonf6@list-manage.com,Male,22.167.22.249,835-269-4702,390,60.92,85.35,61.44,71.22
548,Sauveur,Spink,sspinkf7@dell.com,Non-binary,49.200.23.114,215-961-1957,94,75.05,75.39,96.21,39.88
549,Fitz,Crang,fcrangf8@imageshack.us,Polygender,187.246.243.129,578-486-3293,226,69.64,59.76,61.54,27.73
550,Nikolas,Weerdenburg,nweerdenburgf9@comsenz.com,Male,106.144.118.159,589-837-8076,676,56.77,43.32,43.5,40.17
551,Abbie,Macura,amacurafa@geocities.jp,Male,225.14.77.126,609-533-9990,891,58.08,85.83,38.98,40.82
552,Jarrod,Couttes,jcouttesfb@shinystat.com,Genderfluid,54.234.253.118,512-605-9280,1,42.85,64.65,59.47,87.37
553,Beatrice,,bsutterfieldfc@dmoz.org,Female,109.5.121.248,,,97.72,88.47,45.37,27.92
554,Dotty,Grain,dgrainfd@walmart.com,Female,30.105.150.144,333-864-1422,4,68.43,71.06,45.82,69.73
555,Maison,Podmore,mpodmorefe@sphinn.com,Male,10.161.181.240,263-311-5750,270,42.37,94.5,30.74,44.78
556,Dani,Basso,dbassoff@chron.com,Female,33.137.192.63,917-866-7346,746,53.71,49.13,43.16,43.63
557,Read,,rclardgefg@whitehouse.gov,Male,228.165.117.178,,,80.74,94.45,74.45,86.74
558,Onofredo,Garrat,ogarratfh@discovery.com,Male,50.140.106.86,342-965-7082,798,74.98,35.61,51.33,57.14
559,Brannon,Izzard,bizzardfi@hibu.com,Male,179.114.237.14,992-595-9688,862,50.85,31.72,68.43,87.04
560,Leo,Coo,lcoofj@wikispaces.com,Male,207.189.78.166,501-200-2890,683,87.95,34.43,76.58,86.25
561,Nona,,ntynanfk@economist.com,Female,128.20.113.171,,,44.98,68.4,78.41,51.75
562,Analiese,Vickery,avickeryfl@t-online.de,Female,132.230.40.209,675-997-4910,650,59.24,46.92,41.83,51.54
563,Eldon,,eshererfm@elegantthemes.com,Male,144.37.159.105,,,32.88,77.46,61.08,27.79
564,Florette,Sergant,fsergantfn@rakuten.co.jp,Female,138.97.83.132,689-755-0319,208,52.25,76.66,89.28,62.29
565,Marcel,Overington,moveringtonfo@adobe.com,Male,81.43.245.158,938-578-8425,27,95.79,80.55,31.89,62.97
566,Demetria,Pellew,dpellewfp@economist.com,Female,88.7.121.126,912-799-9031,639,75.92,91.49,98.5,66.58
567,Inger,Sictornes,isictornesfq@constantcontact.com,Female,35.215.53.228,979-128-8795,537,10.91,32.05,76.81,49.99
568,Jaquenette,Infantino,jinfantinofr@telegraph.co.uk,Female,250.97.205.161,715-269-7414,675,19.38,80.07,42.54,61.54
569,Marley,O'Skehan,moskehanfs@smugmug.com,Female,134.225.56.149,356-409-6360,323,38.92,38.84,86.58,94.19
570,Baxy,Alflatt,balflattft@imageshack.us,Genderfluid,227.230.201.133,340-349-7222,989,22.38,89.34,55.57,43.22
571,Margy,,mnewcomenfu@dailymotion.com,Female,88.6.168.206,,,62.63,43.14,79.5,79.72
572,Gustav,Bicknell,gbicknellfv@ezinearticles.com,Male,47.253.205.42,391-873-8218,550,39.1,64.37,48.81,97.25
573,Malachi,,mtheyerfw@bluehost.com,Male,206.230.170.6,,,75.3,51.83,91.52,73.54
574,Frankie,Dixon,fdixonfx@slashdot.org,Bigender,142.191.253.166,299-781-2881,914,64.83,69.52,70.19,57.57
575,Glen,,glinsayfy@photobucket.com,Female,153.113.116.82,,,25.48,23.56,94.43,64.36
576,Aile,Llorens,allorensfz@etsy.com,Female,36.120.115.93,817-666-9006,759,89.22,87.49,36.91,58.78
577,Marcella,Farish,mfarishg0@1688.com,Female,84.230.185.81,825-776-2874,285,67.24,94.07,91.33,45.54
578,Doll,Teall,dteallg1@studiopress.com,Female,95.81.98.38,906-462-0190,513,42.03,75.1,30.46,61.94
579,Rivalee,Buckner,rbucknerg2@1und1.de,Female,165.235.62.81,480-292-8446,129,77.59,41.56,63.92,41.68
580,Myrle,Labb,mlabbg3@time.com,Female,238.69.67.42,387-377-4517,109,32.59,52.21,54.42,45.94
581,Kerry,Coneybeer,kconeybeerg4@t.co,Genderqueer,117.40.79.167,780-656-2656,414,43.1,26.45,92.01,48.0
582,Tybie,Schirok,tschirokg5@wix.com,Female,5.63.239.173,412-962-2658,400,91.84,72.16,93.77,50.07
583,Alica,Perring,aperringg6@51.la,Female,114.124.235.189,413-905-6966,771,42.72,37.95,44.57,85.0
584,Arvie,Criple,acripleg7@nyu.edu,Male,29.185.176.170,272-893-7206,605,16.23,53.7,42.44,60.21
585,Randi,,rvaslerg8@soundcloud.com,Female,71.188.33.36,,,10.21,72.39,66.3,54.24
586,Bryn,Espinola,bespinolag9@bloomberg.com,Female,148.163.129.91,667-574-7760,116,25.48,29.12,34.54,36.33
587,Natka,,ncardallga@loc.gov,Agender,109.237.192.114,,,45.11,42.42,71.02,80.33
588,Dulcy,Selwood,dselwoodgb@jugem.jp,Female,88.233.195.181,232-547-5808,847,33.72,40.51,48.81,55.16
589,Shelagh,Kaser,skasergc@i2i.jp,Female,116.205.204.249,190-543-3270,917,51.23,51.57,57.22,44.49
590,Pippo,Barrand,pbarrandgd@mashable.com,Male,60.90.225.75,591-624-2097,166,48.15,94.97,92.17,75.61
591,Berti,MacNalley,bmacnalleyge@howstuffworks.com,Male,101.139.132.88,137-687-7929,888,67.11,20.57,66.65,66.31
592,Merilee,Mignot,mmignotgf@va.gov,Bigender,126.32.50.0,372-642-4371,391,94.26,95.72,99.57,55.73
593,Ewan,Belford,ebelfordgg@blog.com,Male,226.213.124.154,156-702-5455,277,59.77,25.06,85.89,24.62
594,Paton,Heard,pheardgh@reddit.com,Male,228.108.15.165,137-471-6322,400,95.06,33.53,62.73,66.96
595,Wendye,,wwoollendsgi@bloomberg.com,Female,106.132.133.65,,,31.68,85.84,62.17,58.63
596,Inez,Mossop,imossopgj@nhs.uk,Female,9.113.122.155,509-114-9934,845,64.86,97.32,85.59,75.89
597,Nat,Ellacott,nellacottgk@earthlink.net,Male,252.172.180.29,367-320-7373,914,85.87,50.76,83.11,88.53
598,Sergent,Lain,slaingl@mit.edu,Male,145.38.255.61,710-828-4130,141,24.23,75.57,49.62,53.21
599,Gaston,,gbartholomewgm@yale.edu,Male,186.210.212.93,,,18.49,71.61,95.39,31.77
600,Arlene,Alban,aalbangn@blogger.com,Female,241.143.148.165,705-908-9903,286,14.14,46.83,61.87,38.58
601,Eberto,Shimoni,eshimonigo@boston.com,Male,218.149.75.234,124-305-4257,305,79.44,70.64,67.76,96.17
602,Kirsti,Sidden,ksiddengp@rambler.ru,Female,101.44.236.157,395-390-8088,342,30.4,39.03,55.07,57.09
603,Abdel,Feldhorn,afeldhorngq@quantcast.com,Male,48.89.226.3,707-556-4587,725,51.75,82.51,34.9,95.65
604,Edeline,,ezorzuttigr@census.gov,Female,236.183.33.250,,,96.31,35.02,57.65,86.6
605,Yurik,Venner,yvennergs@bigcartel.com,Male,253.223.26.82,645-544-9377,373,68.64,38.89,37.83,69.74
606,Patten,Mathie,pmathiegt@diigo.com,Non-binary,22.67.175.114,494-255-6792,270,24.57,57.09,80.66,80.84
607,D'arcy,Penk,dpenkgu@independent.co.uk,Male,83.142.116.54,544-232-4143,15,87.8,69.6,94.42,68.12
608,Pate,Vasyukhin,pvasyukhingv@illinois.edu,Genderfluid,177.150.143.105,628-524-3860,703,36.43,31.92,72.67,46.24
609,Estele,Hulson,ehulsongw@howstuffworks.com,Female,24.172.25.101,266-662-4861,46,53.39,31.05,78.97,28.0
610,Yolanthe,Spraging,yspraginggx@phoca.cz,Female,123.70.215.205,663-193-2105,531,43.77,61.39,90.29,91.1
611,Merrel,Smail,msmailgy@ehow.com,Male,108.174.222.26,796-991-4566,43,50.26,25.07,51.55,83.35
612,Birch,Woodage,bwoodagegz@google.com.hk,Male,123.77.237.247,366-548-2077,797,12.54,32.35,80.24,60.72
613,Aland,Connell,aconnellh0@biglobe.ne.jp,Male,137.96.118.145,416-444-0932,854,85.91,92.38,66.49,63.1
614,Howey,Meneyer,hmeneyerh1@sun.com,Male,58.115.60.144,430-100-9315,442,38.05,55.17,57.43,44.8
615,Shannon,Lalevee,slaleveeh2@dailymail.co.uk,Female,58.184.217.36,229-917-4221,789,82.97,84.73,43.31,42.44
616,Ashil,Callington,acallingtonh3@feedburner.com,Female,120.228.132.168,770-756-5392,707,48.93,39.36,32.98,52.27
617,Emmalee,Doctor,edoctorh4@friendfeed.com,Female,208.112.185.131,125-734-4551,307,27.81,85.29,34.02,93.71
618,Cathee,,cmicheauh5@t-online.de,Polygender,181.237.213.0,,,45.43,64.8,31.12,39.54
619,Kira,Birkenhead,kbirkenheadh6@delicious.com,Female,113.132.39.180,931-817-4449,327,78.95,46.37,56.83,85.8
620,Alicea,,adruitth7@amazon.com,Female,222.54.197.145,,,45.42,99.29,83.67,44.92
621,Erhart,Formigli,eformiglih8@pcworld.com,Male,198.206.37.177,506-577-8522,770,17.43,37.3,98.03,97.28
622,Ogden,Thwaite,othwaiteh9@toplist.cz,Male,49.14.87.54,792-297-3960,240,51.38,51.89,51.59,46.7
623,Zachary,Carrell,zcarrellha@ehow.com,Male,56.209.42.112,248-788-9561,322,84.42,65.31,81.6,42.49
624,Lani,,losuairdhb@uol.com.br,Female,139.242.139.42,,,45.48,46.14,96.37,59.19
625,Aigneis,Feaveryear,afeaveryearhc@feedburner.com,Female,32.157.135.174,376-628-0466,579,26.03,23.27,88.52,79.37
626,Mycah,Blofield,mblofieldhd@artisteer.com,Male,233.207.221.54,729-565-3230,971,99.27,52.67,98.7,81.55
627,Hilton,Haysar,hhaysarhe@barnesandnoble.com,Male,121.250.111.156,243-607-8806,219,42.14,61.83,49.58,80.36
628,Eolande,,elightbownehf@opera.com,Female,72.182.101.8,,,92.51,70.28,42.55,49.05
629,Tybi,Sweetmore,tsweetmorehg@columbia.edu,Female,206.86.57.35,523-547-5369,805,86.76,67.76,70.16,77.42
630,Bartholomew,Kidwell,bkidwellhh@taobao.com,Male,26.195.108.246,972-707-0807,298,21.66,59.85,95.74,41.91
631,Candis,Dauby,cdaubyhi@amazon.co.uk,Female,8.178.2.75,744-865-1966,414,81.6,52.41,41.45,77.89
632,Ariel,Cardus,acardushj@exblog.jp,Male,8.68.44.214,548-628-2791,72,29.24,87.2,72.03,31.29
633,Lizette,,ldaniellshk@imdb.com,Female,236.212.11.67,,,19.81,21.97,72.63,46.1
634,Aaren,McGrail,amcgrailhl@craigslist.org,Female,232.45.29.0,709-844-6558,545,85.28,40.44,85.13,97.13
635,Mariette,Jenne,mjennehm@amazon.de,Female,144.189.245.2,712-637-8188,794,41.58,86.06,96.5,63.44
636,Toiboid,,tprayerhn@clickbank.net,Male,91.112.36.219,,,49.17,42.84,43.75,47.76
637,Tedman,Surmeyer,tsurmeyerho@typepad.com,Male,89.105.239.19,638-862-6425,487,74.6,51.31,92.29,97.91
638,Forester,Robjohns,frobjohnshp@de.vu,Male,168.27.64.140,755-643-4279,208,23.34,54.36,94.77,36.23
639,Scarlet,Kitchenside,skitchensidehq@imgur.com,Female,84.4.44.194,436-865-5383,638,10.14,73.34,60.88,62.44
640,Barry,,brolfinihr@geocities.com,Male,186.112.201.47,,,26.72,51.07,60.11,64.12
641,Lissi,Lamke,llamkehs@oaic.gov.au,Female,249.158.21.34,561-784-7750,664,63.81,96.37,51.94,81.34
642,Rora,Monday,rmondayht@dot.gov,Bigender,93.109.26.31,802-454-3307,145,17.67,89.55,64.91,90.02
643,Chilton,,chuskissonhu@slate.com,Male,252.112.48.35,,,36.9,21.61,99.9,52.84
644,Mirelle,,mcallarhv@ihg.com,Female,51.126.228.30,,,52.34,94.23,70.28,23.39
645,Cicely,Kinnier,ckinnierhw@example.com,Female,223.164.159.178,216-681-6410,485,17.26,61.11,37.47,66.62
646,Jacklin,Aulton,jaultonhx@so-net.ne.jp,Female,181.251.176.114,104-885-1984,116,29.87,99.89,48.31,40.69
647,Trix,Meese,tmeesehy@github.io,Female,112.194.58.206,935-232-5665,933,21.89,63.56,61.98,68.13
648,Lark,,lgeraldinihz@archive.org,Agender,136.49.213.66,,,75.95,29.8,41.59,76.3
649,Toddie,,tbiltoni0@oaic.gov.au,Male,211.12.79.21,,,73.78,23.37,37.44,75.65
650,Estrella,Neagle,eneaglei1@4shared.com,Non-binary,236.228.19.127,388-286-9965,908,36.21,47.0,36.38,71.21
651,Dedra,Presnell,dpresnelli2@statcounter.com,Female,1.119.49.234,207-946-0137,644,92.34,65.56,53.08,89.63
652,Ailis,Tyler,atyleri3@multiply.com,Female,107.135.249.126,759-593-9742,492,27.98,85.29,31.26,28.87
653,Tobe,Hundal,thundali4@amazon.co.uk,Female,175.120.19.248,625-324-8632,81,83.23,31.27,42.67,41.82
654,Ambrosi,Meeson,ameesoni5@ftc.gov,Male,66.144.150.43,863-110-4604,595,21.97,34.85,38.2,68.41
655,Anabella,Telezhkin,atelezhkini6@hexun.com,Female,17.130.8.161,795-628-0368,289,40.19,70.82,96.07,70.66
656,Whittaker,,wmakeswelli7@so-net.ne.jp,Male,92.107.117.165,,,45.99,71.24,78.34,96.07
657,Iggie,Winspur,iwinspuri8@loc.gov,Male,73.101.96.162,908-406-0618,629,62.83,75.85,81.49,60.92
658,Cyndi,Keilloh,ckeillohi9@sina.com.cn,Female,71.245.41.137,572-513-7301,877,35.08,75.04,93.42,97.6
659,Amaleta,Gatty,agattyia@ibm.com,Female,101.27.197.253,842-333-5487,40,35.06,22.57,56.42,93.99
660,Arlen,Tottie,atottieib@cisco.com,Female,145.139.54.171,497-784-3773,16,77.07,73.82,94.28,58.62
661,Maribel,Bigrigg,mbigriggic@ask.com,Polygender,37.136.3.199,890-431-7405,913,95.64,22.22,39.09,78.92
662,Tammy,Silverston,tsilverstonid@netscape.com,Female,164.104.50.218,600-316-9464,462,17.41,70.54,60.64,80.41
663,Gabriel,Labba,glabbaie@pen.io,Male,117.142.154.102,184-961-7532,292,47.98,31.28,30.58,30.14
664,Angela,Eve,aeveif@ed.gov,Female,207.140.201.197,187-645-1282,269,73.21,48.07,49.61,40.62
665,Gearalt,Balmforth,gbalmforthig@ihg.com,Male,205.19.212.208,667-975-4234,210,92.97,21.92,91.77,45.33
666,Alvy,Mapstone,amapstoneih@networksolutions.com,Male,37.254.27.178,665-423-9395,914,70.13,94.2,62.21,45.1
667,Fancy,Pascho,fpaschoii@shutterfly.com,Female,241.166.243.184,248-521-3366,970,28.48,22.47,92.55,71.0
668,Merrie,Sauvain,msauvainij@hexun.com,Female,198.52.29.225,898-828-4988,830,42.2,92.69,34.95,40.79
669,Torrance,Cuniffe,tcuniffeik@toplist.cz,Male,46.164.184.40,376-126-3077,604,48.28,52.21,61.82,71.16
670,Charlton,Stirrip,cstirripil@desdev.cn,Male,162.46.66.91,860-841-6292,902,56.35,92.48,98.96,76.25
671,Gabrielle,Hoyer,ghoyerim@rambler.ru,Female,161.95.131.209,770-479-5263,228,99.62,29.46,73.31,75.73
672,Annalee,Springthorpe,aspringthorpein@wp.com,Bigender,32.228.158.24,779-583-6646,331,34.82,84.22,46.04,49.8
673,Duncan,,dfaichnieio@clickbank.net,Male,199.220.187.65,,,68.52,79.48,90.65,47.95
674,Legra,Guion,lguionip@moonfruit.com,Female,165.207.147.204,279-252-8270,98,84.44,57.82,80.17,80.78
675,Brande,MacGraith,bmacgraithiq@ed.gov,Genderfluid,181.112.83.244,321-579-8156,592,35.83,35.83,31.54,48.58
676,Nickolaus,Pirt,npirtir@goo.ne.jp,Male,141.132.35.31,497-479-0559,499,76.29,27.38,37.11,48.07
677,Jessi,Hunnybun,jhunnybunis@theguardian.com,Female,138.111.234.92,543-305-8215,979,32.79,96.49,50.79,48.95
678,Xylia,,xzorziniit@rediff.com,Female,105.117.40.74,,,25.67,24.32,91.26,80.95
679,Hartley,Dybald,hdybaldiu@hugedomains.com,Male,13.166.164.18,307-916-3785,611,37.57,99.71,85.87,35.9
680,Sigfried,Gaze,sgazeiv@addthis.com,Male,30.154.51.79,416-380-3186,905,43.52,31.27,75.94,50.37
681,Stace,Corps,scorpsiw@ucoz.ru,Female,110.221.155.241,657-291-0457,945,95.3,95.95,55.73,41.08
682,Danny,Zavattieri,dzavattieriix@answers.com,Polygender,198.23.83.180,391-408-5969,71,90.21,64.16,45.45,92.01
683,Antonietta,Scobie,ascobieiy@msu.edu,Female,25.149.108.60,331-447-5376,704,95.4,22.8,74.68,77.4
684,Liv,Szabo,lszaboiz@hp.com,Agender,158.39.88.35,399-732-1628,439,25.28,68.63,44.94,41.67
685,Hanni,,hsirmondj0@ucoz.ru,Female,167.107.217.7,,,45.03,44.04,50.88,30.91
686,Heall,Collumbell,hcollumbellj1@un.org,Male,169.170.30.88,152-295-1649,175,71.59,25.76,91.78,74.28
687,Maryjo,Edmonstone,medmonstonej2@netlog.com,Female,7.9.231.4,505-967-4813,571,97.39,77.47,91.17,47.17
688,Rubina,Lamberts,rlambertsj3@mozilla.com,Female,84.54.74.141,252-306-9071,113,35.4,64.98,30.15,38.77
689,Al,Castilljo,acastilljoj4@indiatimes.com,Male,200.154.146.136,610-829-1145,114,58.87,92.85,50.76,44.09
690,Lacey,Romney,lromneyj5@yellowpages.com,Non-binary,175.19.197.152,476-318-6929,921,93.52,47.11,71.14,35.51
691,Ebba,Wolfarth,ewolfarthj6@ebay.co.uk,Female,166.14.222.3,893-372-2588,674,63.24,32.24,79.72,81.84
692,Torey,Duny,tdunyj7@bravesites.com,Genderfluid,47.73.151.71,616-502-7665,198,92.91,76.61,43.93,53.48
693,Deva,,dlampartj8@ihg.com,Female,74.144.171.21,,,57.9,96.59,77.8,38.45
694,Vachel,Petroulis,vpetroulisj9@java.com,Male,28.187.177.206,944-233-0366,601,28.4,89.87,32.03,52.02
695,Lek,,larriguccija@sun.com,Non-binary,178.99.208.22,,,71.48,31.32,36.46,88.17
696,Elysee,Sheers,esheersjb@blog.com,Female,15.59.57.12,475-734-7146,288,21.51,68.81,99.25,50.54
697,Lennard,,lpaolonijc@salon.com,Male,150.44.164.201,,,13.62,27.47,36.05,84.37
698,Val,Atling,vatlingjd@springer.com,Genderfluid,222.238.17.145,827-777-8774,324,61.6,81.75,67.38,80.84
699,Jillie,Tyrie,jtyrieje@shutterfly.com,Female,168.8.77.18,381-866-0017,457,55.58,65.89,31.35,23.7
700,Ania,Alphonso,aalphonsojf@jiathis.com,Female,39.207.23.0,129-554-1445,126,80.45,91.45,97.22,80.29
701,Bunny,Nuzzti,bnuzztijg@privacy.gov.au,Female,164.24.39.4,271-923-8929,781,73.98,20.01,67.97,95.11
702,Parker,,plobbjh@acquirethisname.com,Male,38.39.93.81,,,48.33,69.88,54.58,47.26
703,Fancie,,fesseryji@illinois.edu,Polygender,205.219.77.113,,,83.83,65.81,68.59,59.96
704,Cherlyn,,cbettesonjj@yahoo.co.jp,Female,78.88.225.220,,,13.66,35.71,55.14,92.38
705,Myrah,Hasel,mhaseljk@vistaprint.com,Female,54.176.24.159,743-481-9010,484,82.9,80.4,62.78,45.23
706,Penny,Slaymaker,pslaymakerjl@forbes.com,Female,175.59.130.47,660-906-2402,524,23.75,77.8,53.18,95.57
707,Thorpe,Killingworth,tkillingworthjm@miitbeian.gov.cn,Male,148.168.0.23,202-200-4949,995,36.66,42.56,36.21,33.05
708,Mattie,Gockeler,mgockelerjn@google.ca,Female,119.164.107.83,440-137-6673,607,16.18,84.76,64.52,28.71
709,Constantino,Blessed,cblessedjo@nydailynews.com,Male,190.233.129.177,629-343-4752,425,17.3,60.93,96.72,28.83
710,Tamarah,Diehn,tdiehnjp@mlb.com,Female,197.96.197.130,507-761-3630,847,71.5,97.64,31.13,80.8
711,Jana,,jwhittakerjq@exblog.jp,Female,43.117.233.237,,,64.79,44.97,36.94,90.22
712,Krista,Switland,kswitlandjr@google.co.jp,Female,251.21.74.72,237-800-3697,71,71.4,43.49,35.63,87.11
713,Fredia,Muzzall,fmuzzalljs@forbes.com,Female,98.76.49.141,488-410-3131,340,67.76,78.16,96.14,53.44
714,Tani,Wipfler,twipflerjt@oakley.com,Agender,0.104.240.216,255-974-4931,680,76.88,62.67,82.0,48.03
715,Sal,Phalp,sphalpju@phoca.cz,Male,254.213.42.227,727-589-1053,678,86.22,92.26,97.64,55.86
716,Guillemette,Yakobovitz,gyakobovitzjv@mashable.com,Female,140.46.80.149,709-917-1942,831,11.7,81.74,35.21,98.6
717,Ariana,Daldan,adaldanjw@mayoclinic.com,Female,223.43.245.253,908-290-7896,729,68.68,91.54,51.07,84.3
718,Maurie,Chesworth,mchesworthjx@mit.edu,Male,104.96.211.193,603-202-7105,230,76.36,42.79,55.14,82.94
719,Vlad,Note,vnotejy@redcross.org,Male,27.218.235.143,600-122-1679,484,31.17,92.39,86.02,60.03
720,Ulick,Cripwell,ucripwelljz@tumblr.com,Male,167.83.189.88,289-312-6511,648,44.27,20.75,31.01,41.82
721,Glen,,gpougherk0@posterous.com,Genderqueer,198.252.13.194,,,54.77,34.31,71.07,81.78
722,Bessy,,boffink1@berkeley.edu,Female,53.155.99.229,,,66.43,73.79,35.05,72.28
723,Florinda,,fduthyk2@patch.com,Female,121.178.2.197,,,60.25,80.07,33.58,81.44
724,Daile,Zanicchelli,dzanicchellik3@admin.ch,Female,213.111.231.162,573-797-2426,600,49.16,42.01,93.37,94.7
725,Glori,Vivyan,gvivyank4@netlog.com,Female,221.200.175.235,735-405-7037,377,21.72,67.47,81.21,23.01
726,Scarface,Churms,schurmsk5@phoca.cz,Male,150.122.167.202,742-928-9796,908,17.61,75.57,32.85,85.21
727,Alis,,afiddymontk6@seattletimes.com,Female,180.99.98.115,,,52.52,61.35,54.14,81.22
728,Taddeo,Kilday,tkildayk7@earthlink.net,Male,114.170.14.62,976-395-9795,395,75.44,75.7,88.03,72.02
729,Dex,Camier,dcamierk8@wikia.com,Male,229.104.147.195,697-562-0868,505,25.76,67.24,31.71,93.47
730,Mira,,mokkerk9@linkedin.com,Female,248.154.133.101,,,46.19,70.34,41.29,27.93
731,Michele,,mricciardoka@jalbum.net,Agender,164.248.217.32,,,77.13,87.24,73.31,44.87
732,Fayre,Lacroutz,flacroutzkb@miibeian.gov.cn,Female,36.225.80.86,764-585-7849,145,11.53,21.25,86.13,85.89
733,Linn,Howey,lhoweykc@behance.net,Male,210.216.189.135,422-448-0318,216,89.84,39.06,99.86,57.92
734,Adaline,,agowardkd@europa.eu,Female,41.3.209.50,,,87.03,49.18,41.36,76.71
735,Jon,Ranby,jranbyke@umn.edu,Male,250.119.129.217,464-796-7562,500,75.39,41.13,36.27,88.85
736,Terencio,Spooner,tspoonerkf@yahoo.com,Male,224.204.20.50,410-293-2069,779,43.92,33.53,77.86,87.82
737,Roscoe,Sirl,rsirlkg@engadget.com,Male,58.11.28.117,430-361-8892,36,41.26,27.83,87.29,62.67
738,Adeline,Eccleston,aecclestonkh@google.ca,Bigender,212.162.71.82,912-161-2091,576,92.54,83.96,78.63,95.77
739,Kandace,Kearford,kkearfordki@businessweek.com,Female,35.65.244.250,385-734-7832,564,37.31,64.89,76.08,39.78
740,Lawry,Trevers,ltreverskj@pagesperso-orange.fr,Genderqueer,96.182.97.125,952-928-4373,216,57.5,63.68,56.07,43.94
741,Jarrad,Jaffrey,jjaffreykk@netvibes.com,Male,182.70.252.201,410-565-2199,761,89.26,90.83,48.39,84.13
742,Standford,Cromarty,scromartykl@51.la,Male,247.206.219.61,526-910-2023,734,71.84,93.03,49.18,39.03
743,Shandie,Snookes,ssnookeskm@lycos.com,Female,153.92.200.153,404-732-6687,859,29.19,33.36,96.56,97.33
744,Bev,Tunnadine,btunnadinekn@sina.com.cn,Male,11.167.76.38,239-488-6461,75,96.2,79.23,60.78,25.59
745,Franklyn,McVey,fmcveyko@spotify.com,Male,46.54.8.20,540-563-1896,44,88.55,97.55,76.84,33.02
746,Rhody,Phelip,rphelipkp@cisco.com,Female,75.78.243.21,479-369-6927,34,80.46,28.62,67.93,76.39
747,Alessandra,Hause,ahausekq@buzzfeed.com,Female,160.81.211.94,119-420-8147,433,64.42,60.85,75.34,75.91
748,Stephi,,skrammerkr@vk.com,Female,26.194.150.207,,,32.55,22.0,96.61,54.33
749,Aguie,Ravenshear,aravenshearks@whitehouse.gov,Male,241.123.179.182,675-434-5675,807,71.6,28.61,76.08,66.15
750,Ami,Rowlings,arowlingskt@aol.com,Female,60.38.187.215,516-717-9918,992,58.5,30.9,81.81,45.53
751,Maribelle,,mboakesku@aboutads.info,Genderfluid,167.132.20.60,,,38.33,93.89,55.92,74.09
752,Alvera,,atumultykv@hibu.com,Female,75.40.50.250,,,49.25,88.14,87.47,84.46
753,Jacquie,Lambrecht,jlambrechtkw@umn.edu,Female,238.7.179.41,928-956-3244,218,89.83,59.65,30.71,87.6
754,Kain,,khockeykx@tinypic.com,Male,130.204.191.69,,,54.29,30.7,36.86,99.59
755,Rikki,Bartell,rbartellky@ucoz.ru,Male,200.243.183.186,718-503-8794,546,81.3,91.38,77.98,53.55
756,Manon,Margaritelli,mmargaritellikz@cdbaby.com,Female,170.50.177.163,383-733-3674,272,82.31,81.95,52.9,91.5
757,Nina,Stamps,nstampsl0@gnu.org,Female,129.181.53.40,718-136-4820,536,91.86,51.59,86.1,90.25
758,Kaitlin,Butterworth,kbutterworthl1@google.pl,Female,160.235.117.200,762-425-1976,674,71.71,85.25,67.32,43.88
759,Correy,Coppock.,ccoppockl2@acquirethisname.com,Male,178.43.238.117,103-382-5202,474,34.33,67.41,74.06,60.94
760,Frayda,Wartnaby,fwartnabyl3@tinyurl.com,Female,253.150.93.188,266-107-4583,353,13.79,47.94,65.0,69.56
761,Gian,,gcullingtonl4@chicagotribune.com,Male,10.162.1.203,,,70.63,84.09,48.1,41.94
762,Samson,Attarge,sattargel5@feedburner.com,Male,160.97.65.91,168-260-8655,102,93.18,74.87,31.57,66.05
763,Tadeo,Hedingham,thedinghaml6@amazon.co.jp,Male,35.12.127.87,845-180-0074,517,92.37,28.06,48.06,72.4
764,Mirna,Cuffley,mcuffleyl7@fc2.com,Female,172.229.253.193,188-739-4467,514,14.92,32.3,95.83,64.87
765,Lemmie,Aldwich,laldwichl8@chron.com,Male,173.94.134.88,638-719-2816,897,84.56,25.23,61.21,82.69
766,Camella,Clow,cclowl9@webs.com,Female,219.80.57.27,864-638-3464,201,26.03,30.74,61.92,98.13
767,Elysha,Necrews,enecrewsla@uiuc.edu,Female,124.13.217.26,120-891-3913,252,14.57,63.91,68.03,82.3
768,Isaiah,Fisbey,ifisbeylb@state.tx.us,Non-binary,185.70.191.161,326-413-7104,248,85.54,52.73,36.27,42.66
769,Dugald,Elkin,delkinlc@hubpages.com,Male,135.116.191.181,651-709-6941,701,99.53,50.54,78.75,29.97
770,Antonio,Loughrey,aloughreyld@stumbleupon.com,Male,157.43.208.238,570-672-6057,732,85.6,36.51,35.26,35.9
771,Letty,Haskew,lhaskewle@weibo.com,Female,29.146.63.207,689-751-1800,34,63.35,90.83,54.31,97.71
772,Cecilio,Lettice,cletticelf@ucoz.com,Male,145.217.87.107,368-418-9909,204,67.56,47.13,39.26,70.1
773,Bernardo,Simoens,bsimoenslg@netlog.com,Male,136.46.68.244,427-741-7518,720,82.05,48.68,70.4,53.45
774,Gamaliel,Esposito,gespositolh@about.me,Male,150.25.19.106,406-477-9448,163,34.6,50.9,66.09,73.3
775,Diane,,dmeekli@wufoo.com,Female,32.221.131.67,,,64.52,50.29,53.56,65.69
776,Wayne,Coventon,wcoventonlj@ow.ly,Male,114.207.117.17,817-955-0275,222,23.44,67.92,84.71,97.82
777,Krystyna,,kdollinglk@answers.com,Female,17.66.188.64,,,20.62,26.52,35.31,91.44
778,Darleen,Accomb,daccombll@1und1.de,Female,71.87.66.14,667-526-3598,229,64.92,94.12,92.76,98.3
779,Bertine,Guerriero,bguerrierolm@discuz.net,Female,238.159.8.20,243-545-5168,191,46.75,92.8,80.28,27.82
780,Letty,McCaig,lmccaigln@ucsd.edu,Female,159.115.70.161,758-901-8923,362,72.2,82.16,30.79,70.82
781,Persis,Wheelhouse,pwheelhouselo@1und1.de,Female,26.24.247.134,925-211-5157,695,23.38,68.89,92.4,45.52
782,Brandice,,bborelandlp@fc2.com,Genderfluid,121.160.97.7,,,88.45,87.51,99.73,61.1
783,Dierdre,Dimitru,ddimitrulq@shutterfly.com,Polygender,154.178.110.120,183-981-8529,205,57.01,97.11,39.48,24.21
784,Nelli,McQuirk,nmcquirklr@fema.gov,Female,90.75.230.55,936-726-2807,794,52.67,63.07,37.92,80.94
785,Hermie,,hballchinls@gmpg.org,Male,48.67.129.125,,,94.05,44.99,97.28,69.83
786,Rowland,Marqyes,rmarqyeslt@typepad.com,Male,120.24.8.93,764-270-9640,766,14.64,71.63,32.44,37.17
787,Emelyne,Shearman,eshearmanlu@state.gov,Female,133.217.95.10,985-690-4985,315,68.58,61.86,59.03,74.99
788,Alli,Striker,astrikerlv@flickr.com,Female,250.36.172.120,159-821-6503,223,66.4,20.15,37.37,73.39
789,Lew,,lstofflerlw@twitpic.com,Male,129.197.198.127,,,22.76,83.38,49.07,29.34
790,Garner,Marielle,gmariellelx@github.com,Male,5.113.240.160,862-281-6224,511,17.2,66.99,59.38,73.96
791,Morgun,Sterricks,msterricksly@zdnet.com,Male,47.88.21.114,795-403-3630,480,73.45,53.24,82.76,42.33
792,Kennith,Lambot,klambotlz@miibeian.gov.cn,Male,144.78.150.24,925-635-7823,878,91.56,99.97,48.38,83.91
793,Dorey,Beaves,dbeavesm0@imdb.com,Female,8.241.109.72,903-850-9598,142,65.16,58.12,43.64,65.21
794,Perkin,,pwinchurchm1@hostgator.com,Male,205.245.220.216,,,60.53,56.59,84.55,61.16
795,Yuri,Morrall,ymorrallm2@google.de,Male,121.108.209.82,763-299-0957,673,88.21,24.22,78.18,58.48
796,Kyle,Swate,kswatem3@posterous.com,Male,48.128.227.170,549-485-6956,987,87.64,49.86,41.86,47.29
797,Jamal,Brugden,jbrugdenm4@jimdo.com,Male,207.39.17.106,507-638-3868,45,73.57,29.56,62.18,96.42
798,Bel,Orrey,borreym5@moonfruit.com,Female,49.217.127.194,841-358-0897,7,68.61,42.77,33.7,30.16
799,Victoir,Motto,vmottom6@ucoz.ru,Male,148.112.46.75,545-399-8157,348,31.86,54.61,83.74,39.95
800,Abagail,Neesam,aneesamm7@etsy.com,Female,226.104.69.124,566-594-2765,358,81.54,35.05,52.17,36.39
801,Quill,McKleod,qmckleodm8@ifeng.com,Male,161.114.179.199,422-166-2831,324,64.45,85.71,67.85,25.67
802,Sammy,Strevens,sstrevensm9@wsj.com,Male,104.191.238.247,368-848-4191,179,11.16,71.26,94.22,51.69
803,Amil,Fardon,afardonma@zimbio.com,Female,111.9.143.190,759-249-3993,708,88.59,38.02,53.84,37.61
804,Roarke,,rjennemb@examiner.com,Male,251.83.235.226,,,13.66,56.58,34.1,27.93
805,Torre,Dennison,tdennisonmc@uiuc.edu,Male,166.253.140.86,263-253-6068,179,72.19,39.61,73.53,56.72
806,Aurie,Fussen,afussenmd@reddit.com,Female,37.234.26.181,803-441-4249,991,93.93,92.9,73.84,94.3
807,Trista,Speight,tspeightme@wunderground.com,Female,191.112.2.188,489-864-7027,694,15.19,20.51,59.82,98.71
808,Floria,Barff,fbarffmf@nifty.com,Female,241.101.167.253,253-689-4028,290,22.53,29.17,69.57,44.42
809,Dehlia,Mulvey,dmulveymg@ow.ly,Female,118.87.194.127,533-802-3279,951,55.17,48.86,33.54,70.37
810,Danyelle,Lenihan,dlenihanmh@usda.gov,Female,239.46.186.188,898-839-0892,545,81.89,94.48,81.07,61.88
811,Stewart,Slowcock,sslowcockmi@tinyurl.com,Male,242.23.70.177,979-330-7291,457,45.34,22.96,33.37,23.27
812,Ham,Larvin,hlarvinmj@lycos.com,Male,41.95.36.52,599-452-4532,332,66.41,78.68,68.24,77.99
813,Scotti,,sligermk@shutterfly.com,Male,158.46.149.121,,,44.58,99.74,64.8,26.63
814,Josh,Dimmick,jdimmickml@accuweather.com,Male,54.93.163.199,508-420-7988,797,75.59,31.34,80.74,45.92
815,Courtenay,Galloway,cgallowaymm@vk.com,Female,81.18.157.166,899-679-8519,877,15.55,64.46,55.77,46.53
816,Madge,Solomon,msolomonmn@sohu.com,Female,170.8.171.249,327-770-6967,260,94.25,95.51,42.59,99.96
817,Ebenezer,Goney,egoneymo@wikimedia.org,Male,88.240.44.200,348-205-4814,433,71.9,20.27,80.49,65.41
818,Osgood,Scurrey,oscurreymp@msn.com,Male,61.61.87.15,222-845-8358,258,51.28,66.23,95.39,41.57
819,Blanca,Pickthorne,bpickthornemq@newyorker.com,Female,103.142.190.226,394-658-6617,971,65.23,96.42,63.17,45.36
820,Caroline,Cornwall,ccornwallmr@umich.edu,Female,146.129.15.30,254-946-5274,524,47.93,52.78,70.18,62.17
821,Skelly,Illingworth,sillingworthms@w3.org,Male,169.253.155.197,619-631-9218,490,85.53,72.12,45.02,57.3
822,Christian,Bortol,cbortolmt@hhs.gov,Bigender,185.4.222.30,800-555-4064,744,72.19,79.14,60.47,59.35
823,Ward,Spratling,wspratlingmu@clickbank.net,Male,176.209.107.177,317-194-8066,864,40.27,78.97,92.11,64.86
824,Nevins,,nspencemv@mapy.cz,Male,128.130.30.238,,,74.61,85.78,73.91,82.03
825,Alasteir,Crutchley,acrutchleymw@sina.com.cn,Male,12.24.105.135,850-942-1476,992,65.03,33.11,60.59,42.23
826,Ron,,rjoplinmx@ftc.gov,Non-binary,108.202.55.125,,,43.09,34.86,61.2,91.22
827,Kristel,,ktoxellmy@chron.com,Female,15.156.52.179,,,56.42,58.91,34.35,86.36
828,Fitzgerald,Maytom,fmaytommz@gnu.org,Male,221.139.147.105,162-626-3314,251,79.86,95.12,58.22,70.07
829,Corny,,cconkayn0@symantec.com,Female,194.221.18.10,,,16.36,69.48,76.57,43.66
830,Tirrell,,tvernonn1@ezinearticles.com,Male,247.186.172.233,,,44.01,76.79,40.39,64.91
831,Kristal,Youd,kyoudn2@state.tx.us,Female,217.161.19.61,250-701-3177,423,56.67,23.58,95.52,70.71
832,Ricoriki,Pether,rpethern3@altervista.org,Polygender,194.217.211.12,344-938-3171,301,14.25,95.71,35.56,81.25
833,Larina,Buey,lbueyn4@tumblr.com,Female,191.97.228.193,507-491-1937,803,69.12,29.1,56.73,94.12
834,Loree,Deddum,ldeddumn5@toplist.cz,Bigender,127.231.228.80,542-256-2368,359,81.48,25.23,58.48,29.82
835,Jereme,,jrozyckin6@wsj.com,Male,45.119.17.94,,,97.85,30.48,44.2,38.74
836,Linnet,,lpickstonn7@storify.com,Female,136.32.206.183,,,46.91,45.35,40.02,71.47
837,Aldo,Sally,asallyn8@boston.com,Male,246.36.235.42,275-714-4363,999,27.82,28.07,73.93,75.14
838,Tally,Argile,targilen9@seattletimes.com,Male,239.198.236.1,580-439-2959,29,64.38,51.41,88.09,53.29
839,Nollie,,nzaplena@exblog.jp,Male,68.58.205.1,,,42.65,53.21,96.94,44.42
840,Romain,Darwin,rdarwinnb@sitemeter.com,Male,211.190.233.95,311-390-9625,703,65.36,32.56,48.04,47.14
841,Silas,Danbury,sdanburync@google.fr,Male,136.22.221.222,927-146-3248,237,79.15,21.73,83.36,34.78
842,Otha,Rulf,orulfnd@illinois.edu,Female,110.223.136.21,523-374-3684,266,81.37,96.23,91.8,98.11
843,Valli,,vmacraene@hud.gov,Female,245.103.167.12,,,83.74,93.51,33.39,27.56
844,Frances,O'Griffin,fogriffinnf@ucoz.com,Female,205.29.76.95,883-193-1442,923,87.85,57.36,62.86,23.09
845,Oliviero,Bovis,obovisng@imgur.com,Polygender,117.184.95.243,792-215-6586,801,81.0,91.11,51.22,73.57
846,Rebeca,Denyer,rdenyernh@symantec.com,Female,213.183.184.93,210-403-8070,322,51.85,51.11,71.12,46.24
847,Madelon,Keuneke,mkeunekeni@zdnet.com,Genderfluid,61.42.119.213,122-487-3522,52,66.34,53.47,81.63,74.23
848,Gabe,Clute,gclutenj@redcross.org,Male,206.163.224.82,583-472-1905,467,72.97,28.59,39.76,76.96
849,Leslie,Kittles,lkittlesnk@nps.gov,Male,62.64.216.200,879-868-8291,802,12.21,52.08,61.79,56.94
850,Channa,Girt,cgirtnl@amazon.com,Female,80.190.24.129,251-990-1816,58,96.37,87.35,33.4,65.58
851,Vivienne,Branigan,vbranigannm@tumblr.com,Female,247.208.65.119,190-132-8236,403,73.28,90.85,58.31,59.48
852,Trixi,Lappin,tlappinnn@plala.or.jp,Female,238.93.19.115,854-283-3506,259,16.51,49.0,59.0,30.35
853,Reiko,Swancock,rswancockno@army.mil,Female,189.209.190.230,648-130-4072,988,74.92,96.42,86.34,44.96
854,Farrel,Sandwith,fsandwithnp@blogs.com,Genderqueer,66.146.244.94,168-673-1213,69,53.91,72.98,31.51,95.42
855,Carroll,Assante,cassantenq@nationalgeographic.com,Female,128.157.214.91,234-698-1398,603,51.98,91.26,41.3,59.69
856,June,Ondrak,jondraknr@tumblr.com,Female,203.150.77.123,287-916-8458,70,27.0,33.68,99.09,73.49
857,Bonnie,Geraldez,bgeraldezns@nhs.uk,Female,61.227.41.250,247-283-2081,604,58.5,48.85,91.04,40.9
858,Lauritz,Kempston,lkempstonnt@privacy.gov.au,Male,25.38.197.3,762-300-7986,504,73.86,89.3,36.9,60.98
859,Brunhilde,Iddy,biddynu@state.tx.us,Female,210.138.58.92,829-982-8370,739,90.79,29.19,47.4,70.37
860,Abbie,,awaytnv@tinyurl.com,Male,190.205.222.47,,,14.61,72.67,73.38,77.48
861,Nananne,Wealleans,nwealleansnw@istockphoto.com,Female,88.33.101.161,952-106-7103,8,73.17,25.63,46.99,46.18
862,Barrett,Adam,badamnx@va.gov,Male,47.91.244.96,833-112-3067,763,44.39,69.87,59.65,42.63
863,Vernen,,vtaffleyny@xinhuanet.com,Male,61.123.61.122,,,56.65,32.07,38.57,53.73
864,Norris,Daulby,ndaulbynz@walmart.com,Male,233.62.248.190,314-628-4632,974,16.71,58.49,58.11,52.61
865,Cecilio,Brighty,cbrightyo0@mysql.com,Male,30.62.218.89,612-249-2435,793,39.29,64.64,80.42,91.12
866,Clio,,cvondracho1@photobucket.com,Female,116.31.80.21,,,56.24,79.23,43.63,43.44
867,Shaw,,sstoopo2@apache.org,Polygender,44.178.213.188,,,67.51,41.67,39.21,70.51
868,Noll,McGarva,nmcgarvao3@hao123.com,Male,120.88.90.15,433-470-8601,438,23.06,48.94,97.15,36.46
869,Port,,pmichino4@histats.com,Male,10.67.171.233,,,57.16,82.59,71.73,34.97
870,Chaim,,cpillmano5@google.nl,Non-binary,175.221.173.34,,,27.82,98.1,83.74,51.96
871,Linzy,Sambeck,lsambecko6@prnewswire.com,Female,37.96.243.217,782-275-2955,679,34.86,43.49,83.55,82.45
872,Ginni,Le Breton De La Vieuville,glebretondelavieuvilleo7@jalbum.net,Female,176.55.204.92,644-624-4725,442,63.03,39.63,61.48,72.24
873,Audra,,aantonettio8@histats.com,Female,239.171.100.25,,,81.7,77.81,95.4,39.97
874,Pate,,pbasilo9@redcross.org,Non-binary,63.220.3.85,,,42.32,33.33,98.03,89.8
875,Nora,Denington,ndeningtonoa@comsenz.com,Female,233.65.85.174,128-888-2907,995,90.52,30.35,56.68,99.73
876,Allister,Bresner,abresnerob@craigslist.org,Male,109.2.238.177,633-811-7230,678,94.14,45.84,54.72,55.76
877,Krissie,Kynton,kkyntonoc@e-recht24.de,Female,68.130.244.165,263-873-3682,998,27.34,67.02,83.06,75.05
878,Allyce,Rabbet,arabbetod@uiuc.edu,Female,251.57.228.148,797-127-4165,177,62.18,51.64,91.41,49.09
879,Tabbi,Wedon,twedonoe@parallels.com,Female,69.142.44.116,552-903-2949,736,68.08,43.65,55.37,71.52
880,Charley,Glide,cglideof@netlog.com,Male,5.68.46.158,361-928-6876,875,51.05,74.6,42.91,72.02
881,Nevins,Chaunce,nchaunceog@bloglines.com,Male,127.6.174.201,520-473-7511,122,94.94,63.58,39.85,65.28
882,Odey,Crannis,ocrannisoh@tripod.com,Male,140.49.239.190,870-523-2928,327,18.96,55.06,38.55,28.16
883,Nady,Coraini,ncorainioi@reddit.com,Female,218.164.182.102,211-135-4016,106,97.61,34.14,57.29,57.43
884,Dael,Ashborn,dashbornoj@g.co,Male,17.79.140.94,268-822-1422,736,47.49,98.24,57.36,72.75
885,Jennie,Abell,jabellok@cdc.gov,Female,26.51.216.175,761-745-6551,582,56.83,35.42,95.3,27.71
886,Myrtia,Bruckstein,mbrucksteinol@tuttocitta.it,Female,248.154.84.39,671-173-0141,720,34.51,27.18,39.97,53.99
887,Quinlan,Wandrack,qwandrackom@wikispaces.com,Genderfluid,251.190.97.231,952-911-5333,525,95.82,88.34,62.66,27.39
888,Gideon,,glidstoneon@csmonitor.com,Male,218.38.218.240,,,64.23,60.13,89.67,72.57
889,Karoly,Costa,kcostaoo@imageshack.us,Male,161.51.44.228,812-492-1854,664,54.96,66.34,44.99,49.63
890,Erwin,Lynthal,elynthalop@51.la,Male,247.246.255.181,399-664-1031,60,58.33,21.58,73.27,34.97
891,Darya,Blacktin,dblacktinoq@privacy.gov.au,Female,221.255.109.186,399-134-2018,617,17.34,70.87,47.74,67.96
892,Krystal,Peschka,kpeschkaor@netlog.com,Female,99.105.184.174,618-531-5219,249,80.25,80.45,54.0,24.18
893,Ulrich,Dutch,udutchos@netscape.com,Agender,115.127.189.82,720-135-1453,135,33.16,20.67,98.77,69.69
894,Becka,Joreau,bjoreauot@nasa.gov,Female,39.137.116.150,750-755-6192,498,51.23,99.75,59.35,71.47
895,Carmelia,,cbehrensou@google.cn,Female,157.151.133.140,,,97.38,38.82,99.8,58.7
896,Alaster,Cokayne,acokayneov@lulu.com,Male,17.152.17.19,707-701-4276,808,30.75,86.67,62.12,81.94
897,Corrinne,,cloughranow@spiegel.de,Female,246.116.233.198,,,85.12,47.89,89.69,25.76
898,Gal,O' Mara,gomaraox@admin.ch,Male,210.255.26.139,589-575-5288,651,81.97,86.14,39.86,91.57
899,Brooks,Wimmer,bwimmeroy@apache.org,Female,133.41.169.251,461-822-3049,264,95.24,55.11,59.11,75.0
900,Vincent,Laurenty,vlaurentyoz@twitpic.com,Male,140.114.54.5,730-575-9576,210,55.6,68.19,49.71,46.79
901,Jose,Yakob,jyakobp0@soup.io,Male,176.1.157.15,149-324-3282,556,54.95,62.91,42.48,72.54
902,Tonie,,ttiremanp1@mail.ru,Female,195.97.73.22,,,17.24,37.3,97.82,25.2
903,Linnell,Kirwan,lkirwanp2@latimes.com,Female,120.108.100.5,819-525-3811,306,66.89,49.69,91.4,98.73
904,Lynelle,,lspitarop3@independent.co.uk,Female,81.27.170.149,,,58.53,37.49,79.73,38.49
905,Maurene,,mbuttwellp4@discuz.net,Female,163.140.94.201,,,36.41,61.84,69.1,70.32
906,Atlante,,abutchersp5@chronoengine.com,Female,205.8.4.211,,,39.32,73.33,93.11,90.77
907,Carlotta,Colquite,ccolquitep6@technorati.com,Female,192.168.235.166,595-504-1720,287,81.36,22.27,65.51,35.44
908,Clerissa,Bruffell,cbruffellp7@ucsd.edu,Female,99.215.58.61,863-749-4878,118,10.79,53.83,57.02,30.66
909,Jemmie,,jcooplandp8@wikispaces.com,Genderqueer,68.123.75.109,,,38.93,61.14,41.92,78.31
910,Chicky,Robbie,crobbiep9@loc.gov,Female,43.44.45.118,316-543-4519,580,98.55,25.69,63.81,44.4
911,Sydelle,Hunnicutt,shunnicuttpa@freewebs.com,Bigender,41.48.82.229,575-343-8573,712,85.89,47.76,95.32,38.59
912,Julie,Eilhersen,jeilhersenpb@amazon.de,Female,114.172.225.248,255-682-3232,831,24.96,49.03,34.13,79.05
913,Nananne,Skellorne,nskellornepc@hao123.com,Female,252.185.113.26,224-346-5803,590,81.48,31.67,70.3,40.55
914,Amos,,araffelspd@netscape.com,Male,208.109.58.158,,,46.79,90.87,32.09,87.32
915,Rodney,Minichillo,rminichillope@tuttocitta.it,Male,27.170.127.224,595-636-0897,40,23.01,69.56,81.39,61.14
916,Holden,Gauford,hgaufordpf@discuz.net,Male,124.131.168.105,574-190-3096,440,54.72,89.09,49.39,68.47
917,Rowe,,rsnoddenpg@newyorker.com,Female,43.191.252.22,,,54.46,45.98,46.31,58.58
918,Peter,Nazer,pnazerph@disqus.com,Male,77.134.215.187,658-983-8870,910,50.84,83.02,46.26,34.11
919,Trenna,,tbercevelopi@so-net.ne.jp,Female,216.250.195.85,,,81.29,27.56,61.76,78.16
920,Calli,,cscrannypj@etsy.com,Female,153.19.229.232,,,76.95,78.47,82.87,89.24
921,Reid,,rgraingepk@vimeo.com,Male,26.6.16.229,,,25.42,60.33,30.01,67.23
922,Kele,McCaig,kmccaigpl@facebook.com,Male,215.109.190.75,388-425-3212,884,15.54,24.44,72.65,33.78
923,Staford,Trehearne,strehearnepm@senate.gov,Bigender,56.25.119.117,816-776-6876,993,94.23,86.95,84.84,51.0
924,Wallache,Camps,wcampspn@msn.com,Genderqueer,137.76.234.146,759-803-1316,704,62.28,94.75,44.1,87.64
925,Rob,Dow,rdowpo@irs.gov,Male,78.33.41.20,396-289-3201,955,73.49,52.7,62.16,77.6
926,Marieann,Kintish,mkintishpp@jigsy.com,Female,180.138.163.165,597-201-2688,403,71.38,71.66,94.65,53.32
927,Ilario,Badland,ibadlandpq@china.com.cn,Male,79.126.152.90,676-875-5704,882,30.61,55.76,55.3,29.99
928,Cob,Hamblin,chamblinpr@businesswire.com,Male,78.34.129.40,788-440-0832,181,26.16,77.89,66.56,76.69
929,Fulvia,,fpashbeeps@washington.edu,Female,30.252.252.53,,,64.42,38.44,42.68,30.59
930,Alexandros,,alewendonpt@bizjournals.com,Male,24.69.250.83,,,99.61,65.36,63.69,24.22
931,Ettore,Manuele,emanuelepu@twitter.com,Male,114.75.139.117,959-300-9677,299,16.81,22.73,82.39,61.79
932,Zola,Gaish,zgaishpv@answers.com,Female,126.243.21.136,606-556-0077,581,47.91,96.74,76.47,94.03
933,Johan,,jmacklinpw@smugmug.com,Male,190.93.142.62,,,86.78,68.74,94.43,77.44
934,Hestia,Harrema,hharremapx@google.it,Female,127.140.37.65,265-486-0142,287,93.47,31.54,54.57,41.01
935,Ivette,Warmington,iwarmingtonpy@cbsnews.com,Female,85.138.238.251,875-695-5369,838,20.33,75.76,82.73,26.91
936,Rad,Thwaites,rthwaitespz@liveinternet.ru,Male,69.161.30.133,920-928-0636,284,62.2,48.02,86.65,54.71
937,Jessika,Cleaver,jcleaverq0@ihg.com,Female,250.98.100.121,215-777-6338,974,75.12,51.81,46.83,61.43
938,Nevil,Tyhurst,ntyhurstq1@i2i.jp,Male,45.158.84.53,261-138-9351,993,76.59,73.79,60.51,65.66
939,Winfield,Manktelow,wmanktelowq2@rediff.com,Male,128.224.67.98,375-597-1487,73,18.04,49.52,71.81,86.54
940,Wren,Ruggier,wruggierq3@businessinsider.com,Female,33.187.239.70,889-301-0828,525,48.13,32.58,90.48,35.08
941,Cindi,Horsefield,chorsefieldq4@latimes.com,Female,248.46.169.108,874-796-4796,592,48.92,82.18,73.0,80.15
942,Renata,Horbath,rhorbathq5@unicef.org,Female,201.117.205.59,274-381-9758,26,97.11,91.71,97.25,38.11
943,Hewett,Clift,hcliftq6@wikipedia.org,Male,115.188.115.124,561-975-3550,81,37.35,72.26,72.69,72.07
944,Simonette,Rhodes,srhodesq7@japanpost.jp,Female,254.118.4.43,354-458-0716,561,29.49,20.34,73.29,78.01
945,Jamaal,MacAnelley,jmacanelleyq8@about.com,Male,244.99.67.162,614-139-1690,621,53.01,44.78,84.07,96.31
946,Bernard,Pursehouse,bpursehouseq9@netlog.com,Genderqueer,182.185.191.104,516-210-6127,391,59.26,77.11,37.64,91.18
947,Fulvia,Rameau,frameauqa@geocities.jp,Female,180.231.136.184,743-343-2523,880,68.78,85.36,97.26,80.33
948,Erda,Chastagnier,echastagnierqb@economist.com,Non-binary,156.204.139.61,605-630-4005,780,43.64,93.93,63.05,35.85
949,Felita,,fmcpeckqc@naver.com,Female,146.162.199.52,,,57.43,75.25,36.43,93.97
950,Corie,Scrowston,cscrowstonqd@army.mil,Female,197.151.107.118,754-840-4020,609,69.49,37.94,61.56,31.75
951,Quinn,Ancliff,qancliffqe@naver.com,Female,253.64.195.25,466-864-0864,473,32.57,62.16,34.44,68.54
952,Weider,Faulkes,wfaulkesqf@hc360.com,Male,78.52.180.162,441-493-1546,647,32.26,36.94,91.44,80.75
953,Dode,Lax,dlaxqg@nbcnews.com,Female,255.143.101.107,240-204-3422,750,27.06,41.88,73.84,64.5
954,Meredith,Dumphrey,mdumphreyqh@gravatar.com,Female,214.161.154.181,536-849-2988,170,92.35,70.4,60.71,93.79
955,Sandro,Ellice,selliceqi@google.ca,Male,42.134.47.116,294-830-6801,186,30.17,48.51,48.83,27.23
956,Herb,Goligly,hgoliglyqj@latimes.com,Non-binary,51.39.153.123,793-920-3271,431,63.02,52.03,80.42,23.92
957,Dorree,Cumberbatch,dcumberbatchqk@si.edu,Female,215.189.200.255,970-978-7540,203,13.05,81.64,98.56,78.75
958,Karisa,,kansillql@tumblr.com,Female,210.140.0.253,,,34.7,45.79,79.45,48.27
959,Orv,Barttrum,obarttrumqm@ibm.com,Male,111.49.180.20,605-649-7609,139,94.8,21.12,65.35,48.9
960,Keene,Beniesh,kbenieshqn@blogspot.com,Male,246.234.12.50,166-458-0819,685,91.35,20.65,98.79,29.51
961,Claudell,Cornil,ccornilqo@forbes.com,Male,202.25.88.237,524-945-2114,30,67.9,92.51,69.85,37.12
962,Hildegarde,Blazevic,hblazevicqp@google.co.uk,Female,49.246.232.104,264-538-8358,279,86.03,49.5,97.08,57.51
963,Harmony,Piatkow,hpiatkowqq@buzzfeed.com,Female,128.186.135.108,806-567-9193,435,63.35,50.77,32.74,94.66
964,Chastity,Drust,cdrustqr@plala.or.jp,Female,146.111.172.162,895-441-3350,185,60.14,54.3,41.1,98.18
965,Art,Fedorchenko,afedorchenkoqs@networksolutions.com,Male,169.225.253.79,642-987-7161,375,91.93,37.35,61.89,37.22
966,Joni,,jruddiforthqt@dropbox.com,Female,127.73.93.236,,,85.27,51.89,32.7,63.25
967,Dinnie,,dhigounetqu@nytimes.com,Female,115.111.235.38,,,15.4,47.08,71.99,47.43
968,Brig,Witcherley,bwitcherleyqv@issuu.com,Male,84.15.185.250,951-268-1874,819,85.11,22.12,60.01,65.23
969,Janith,Oseman,josemanqw@hugedomains.com,Female,19.68.168.172,372-234-1510,769,63.66,52.1,79.46,77.74
970,Ambrosio,,alinayqx@ca.gov,Male,217.215.206.55,,,91.97,49.33,56.72,95.52
971,Marlo,McAlindon,mmcalindonqy@nbcnews.com,Male,42.73.233.93,407-456-4172,466,27.5,27.98,89.62,43.84
972,Gretal,Cakes,gcakesqz@stanford.edu,Female,145.223.221.118,884-680-6349,905,30.47,76.72,73.68,27.11
973,Yorgos,Ionn,yionnr0@vkontakte.ru,Male,171.154.225.170,460-400-9690,463,30.93,85.2,93.3,88.22
974,Claudina,,cdowleyr1@mozilla.com,Female,79.224.68.163,,,80.15,62.89,38.46,35.62
975,Rozelle,,rvanderweedenburgr2@facebook.com,Female,91.88.227.248,,,68.13,34.15,72.22,74.9
976,Blane,Lepper,blepperr3@cocolog-nifty.com,Male,179.154.24.232,143-557-0329,291,74.98,68.99,97.99,67.74
977,Fran,,farner4@diigo.com,Female,151.80.253.10,,,66.75,75.51,53.8,75.41
978,Jennilee,Etienne,jetienner5@weibo.com,Female,223.73.135.83,272-415-8183,604,14.34,64.86,79.77,91.78
979,Van,Dunsmore,vdunsmorer6@deliciousdays.com,Female,212.105.185.253,275-384-8640,783,13.58,89.27,48.64,69.91
980,Bryce,Tucknott,btucknottr7@economist.com,Male,163.90.164.173,361-457-5235,230,83.34,50.99,41.76,43.66
981,Mae,Brill,mbrillr8@biblegateway.com,Female,70.187.110.237,367-928-4488,752,38.43,50.14,99.64,33.95
982,Margaretha,,mtrevinor9@mapy.cz,Female,157.128.188.248,,,19.08,53.0,71.74,70.32
983,Filide,,fdunkerleyra@dagondesign.com,Female,80.176.95.227,,,75.33,84.23,50.67,97.56
984,Augustina,Eckery,aeckeryrb@cornell.edu,Female,204.23.7.242,703-998-1105,153,82.15,46.16,72.26,25.26
985,Jacquette,Rapin,jrapinrc@netlog.com,Female,180.103.244.53,148-120-6455,916,76.92,25.95,89.23,28.74
986,Gayler,Ricoald,gricoaldrd@deliciousdays.com,Male,241.72.214.86,290-230-7039,462,84.05,32.31,33.3,65.56
987,Anderson,Carlesso,acarlessore@oaic.gov.au,Male,149.103.227.15,833-566-6924,253,21.16,22.39,53.13,93.32
988,Willow,Roberds,wroberdsrf@jiathis.com,Female,41.44.121.81,945-563-6763,146,29.8,20.62,80.45,26.61
989,Aurilia,Freeborne,afreebornerg@jimdo.com,Female,251.198.124.244,222-573-1688,6,44.01,21.0,81.53,31.69
990,Tudor,Huskisson,thuskissonrh@quantcast.com,Male,148.35.180.135,174-619-0624,948,29.07,61.39,90.65,44.13
991,Therine,Tebbe,ttebberi@biglobe.ne.jp,Female,12.37.223.21,895-934-7465,849,67.89,78.54,97.97,84.2
992,Emmi,Sanson,esansonrj@vkontakte.ru,Female,118.30.109.93,180-268-3389,212,55.61,55.69,56.18,57.38
993,Ebba,Janu,ejanurk@flavors.me,Female,101.156.17.27,805-127-1877,163,12.18,59.7,32.07,30.48
994,Romonda,Gabits,rgabitsrl@meetup.com,Female,97.39.5.76,484-318-7409,872,12.36,69.95,38.0,49.95
995,Mayer,Manford,mmanfordrm@telegraph.co.uk,Male,180.195.178.0,107-310-1392,979,69.43,72.07,96.76,74.48
996,Zea,,zdauberrn@bbb.org,Female,10.253.0.113,,,36.17,74.12,85.55,32.38
997,Bond,Ceccoli,bceccoliro@bizjournals.com,Male,16.24.177.56,693-603-1464,926,27.26,96.03,32.65,97.08
998,Gabi,,gshowellrp@gov.uk,Female,252.19.139.186,,,34.02,93.1,77.73,81.63
999,Grissel,,gguillermanrq@about.me,Female,248.185.20.22,,,49.52,97.21,86.34,42.74
1000,Abbey,Stanworth,astanworthrr@google.co.uk,Male,22.93.168.13,697-252-9462,189,60.07,22.0,74.09,61.08
